text,true_label,predicted_label,probability_class_1,correct
Patience Jonathan On The Move To Hijack APC In BayelsaState,0,1,0.6573976936970478,False
Kayla is about to electrocute herself.,0,0,0.15250271363112824,True
...the kids at the orphanage were obviously not too traumatised.,0,0,0.16645770419367892,True
Bomb Crash Loot Riot Emergency Pipe Bomb Nuclear Chemical Spill Gas Ricin Leak Violence Drugs Cartel Cocaine Marijuana Heroine Kidnap Bust,1,1,0.7787832390159078,True
Wut a lonely lunch. I got ditched. And I'm hungrier than a hostage!,0,0,0.31856732952103156,True
How significant do you think the iconic pic of Church (maybe) ruins and less substantial efforts razed?,0,0,0.3717638992439078,True
'Cooler than Freddie Jackson sippin' a milkshake in a snowstorm',0,1,0.5612342855162726,False
i could die by falling in a sinkhole and i'd still be blamed for it,0,1,0.6094270628041081,False
DTN India: Rly tragedy in MP: Some live to recount horror: When I saw coaches of my train plunging into water...,1,1,0.8341223857641076,True
But there are good grounds to believe that 'political military catastrophe' was a crime planned and committed by individuals.,1,0,0.41573931414832604,False
My narrator will have to say 'chemically interesting lavatory' for DB5. Not quite the tongue twister but certainly odd. :P,0,0,0.2838429239818895,True
Had to cancel my cats doctor appointment because she decided to go out and play and not come home by curfew ...,0,0,0.32580064332527814,True
Sitting in a cafe enjoying a bite and cramming for my meeting during my whirlwind 14-hours in NYC!,0,1,0.6468694936908354,False
Investigators say a fatal Virgin Galactic spaceship crash last year was caused by structural failure after the co-pilot unlocked a braking,1,1,0.8094126228411676,True
300K exotic car wrecked in train accident,1,1,0.7049123508937837,True
he thrusts a little more before he jams his cock deep inside her flooding her womb and pussy with his hot thick cum,0,0,0.4056907786625299,True
Governor Allows Parole for School Bus Hijacker liveleakfun ?,1,1,0.5868376109614327,True
Egyptian Militants Tied to ISIS Threaten to Kill Croatian Hostage (New York Times) (1717 GMT),1,1,0.6137019783230898,True
The #Tribe just keeps sinking everyday it seems faster. As for this year it's been a titanic disaster.,1,0,0.37132825932690533,False
lol more than welcome ??????,0,0,0.14218515499758091,True
1 The bug that almost crashed the Euro -,1,0,0.4764562400941247,False
A thought on not dismantling our weapons 'yet',0,0,0.46811082016672034,True
'It looks like a mudslide' 'It's like chewing on rubber' #GBBO ??????,0,0,0.3937912111164025,True
'I can't have kids cuz I got in a bicycle accident & split my testicles. it's impossible for me to have kids' MICHAEL YOU ARE THE FATHER,0,0,0.27538088810588895,True
#Rohingya houses in #Kyee NockThie hamlet from Taungbazar region in Buthidaung were severely damaged in Cyclone,1,1,0.7093079999937374,True
Most respected in world Best job recovery G7 and G20 Best led during 2008 world meltdown What exactly have you done ??,0,0,0.23829674312298807,True
besides your nasty thunderstorm or snowstorm nah. Can't say that I have.,0,1,0.6033002126808575,False
Fur Leather Coats sprite & weapon of choice was a lifestyle chosen back in '02,0,0,0.3384310565899511,True
the game has officially collapsed,0,0,0.4940897447138961,True
People dont want to hear the truth because they dont want their illusions destroyed. #FN.,0,0,0.2095538094302726,True
Yep. During floods of 1999 or 2000 - Clyde Dam releasing every bit of water it could. Most speccy! EV charging your way?,1,1,0.631499834835116,True
Arsonists being blamed for a blaze at a plastics recycling business in Adelaide | reports. #7NewsAdl,0,1,0.5263963659702219,False
Any Support Sys 4 AUTH taken Hostage by BLK US clergyforced 2 exist younger&grossly disfigured by BIOTERRORISM?,1,1,0.5758174998899694,True
Train derailment: In Patna no news of any casualty so far - The Indian Express,1,1,0.8757603905652455,True
wounded and carried her back to where his brothers and sisters were and entered the air ship to go back to Academia,0,0,0.3647407947659664,True
keep an eye out we'll be looking for lots of new team members in coming days/weeks :),0,0,0.25187756304910397,True
#MeditationByMSG 45600 ppl got method of meditation in U.P &got deluge of divine blessing 4 happy n peaceful life.,0,0,0.171852433167069,True
really needs to tone it down some in the weight room. RT Demolition (cont),0,0,0.3435242749758334,True
My sis can now sit on a cam w/o panicking,0,0,0.21540159467942538,True
looks like George was having a panic attack. LOL.,0,0,0.24223021964173994,True
'Car vs motorcycle in Harwich Port' HARWICH PORT A car and motorcycle collided around 5:30 p.m. The crash happen_,1,1,0.6998280761799973,True
Crazy Mom Threw Teen Daughter a NUDE Twister Sex Party According To Her Friend50 =>,1,0,0.18930704389093445,False
More than 40 families affected by the fatal outbreak of Legionnaires' disease in Edinburgh are to sue two comp...,1,1,0.820984084980678,True
Criminals Who Hijack Lorries And Buses Arrested In Enugu (PHOTO),1,1,0.7045715743767362,True
But put 'Flood of Fire' at the top of the list.,1,0,0.4965413497267055,False
'It looks like a mudslide!' And #GBBO is back with a belter!,1,0,0.4255356212708346,False
Parker Ridge Fact Sheet Aug 6 2015 (Parker Ridge Wildfire): Information Phone: 208-267-6773 Email: pa... #IDFire,1,1,0.7232467782032711,True
3 Former Executives to Be Prosecuted in Fukushima Nuclear #Disaster. The story: via,1,1,0.8174306826078112,True
?????? I'm weak af,0,0,0.34419619873944557,True
I love the sound of thunder rumbling across the mountains.,0,0,0.24024523253887944,True
That's beyond adorable. I hope it won't be wrecked now that it's been noticed ...,0,0,0.15424067975539635,True
Physical sense helps preserve memories of 2011 triple disaster (8/4 AJW) #jishin_e #nuclear #Minamisoma,1,1,0.7458717360298952,True
I liked a video Eminem feat. Nate Dogg - Till I Collapse,0,0,0.3914790619065609,True
LA Times: Refugio oil spill may have been costlier bigger than projected,1,1,0.8299714344897445,True
Tips so that finding the customers ego drought: dqSVYusY,0,1,0.6271360842914268,False
#handbag #fashion #style Authentic Louis Vuitton Pochette Bosphore Shoulder Cross Body Bag_,0,0,0.14245517120424536,True
Souda leave Lady Sonia alone or I shall obliterate you #KneelBot,0,0,0.24122849548491032,True
Police: Man killed ex grandmother after son wasnt named after him OMG!!!!! Absolutely Crazy!!!,1,1,0.6035271359075147,True
The 1st time someone blew up my phone 30 times they would be blocked. Believe it. #Catfish,0,0,0.3754830717444625,True
Mere sight of a gun makes police and public more aggressive experts say,0,1,0.6114859373438787,False
Note there were no passengers on board when the train derailed this morning.,1,1,0.7511002126616182,True
Why Some Traffic Is Freezing Cold And Some Blazing Hot And How To Heat Up Some Of Your Traffic,0,1,0.5525363468000317,False
the sirens are telling you to get ready to TURN UP????????,0,0,0.3026905331354321,True
Check out my new song 'Collide' live at the Bowery Electric!,0,0,0.10499648808736846,True
Don't get burned twice by the same flame.,0,0,0.3443873171886804,True
Tube strike live: Latest travel updates as London is engulfed inchaos,1,1,0.5524151472652857,True
Parents are taking their kids to Burning Man and one 11 year old thinks it's 'better than...,0,0,0.37423657320291637,True
Can you list 5 reasons why a London #TubeStrike is better than a Snowstorm? Read here...,0,0,0.2693691657561678,True
Suggs & Vivian to the rescue! #psychrewatch,0,0,0.4394844698005192,True
#FunnyNews #Business Watch the moment a cliff collapses as huge chunks of rock fall onto a road in China,1,0,0.45605328459066075,False
Getting hit by a foul ball while sitting there is hardly a freak accident. It's a war zone.,0,1,0.582897510741783,False
Desert Storm was an unqualified victory a treaty was signed. Under Clinton the situation only got worse and more violent. #tcot,1,1,0.5813635267028814,True
?? shut up freshman its past ur curfew. u need some sleep!! u spend too much of ur time watching tv instead of going outside ??,0,0,0.35577245200895485,True
A deluge of eulogies for #CecilTheLion on my WhatsApp >>this too *tormented soul by matias xavier *,0,0,0.21853132877496517,True
mass murder here we come,1,1,0.7952807552037513,True
A change in the State fire code prohibits grills on decks at condos and apartment buildings. Check with your...,0,1,0.6928685427810478,False
Japan FUSO Class Battleship YAMASHIRO Naval Cover 1999 PHOTO Cachet SUNK WWII,1,0,0.4630905774964232,False
Live updates: Boyd gets out of trouble in 5th via,0,0,0.33609750278914347,True
Lot of 20 Tom Clancy Military Mystery Novels - Paperback #tomclancy,0,0,0.31461379253827715,True
pissed at you and could have their pikachu electrocute you and :\\\,0,0,0.15250271363112824,True
Gostei de um v_deo de Sleeping with Sirens Postcards and Polaroids acoustic cover,0,0,0.2213188098208674,True
I am that girl on tv that sadly turns her music up to drown out the noise of her family fighting literally every day,0,0,0.4047161718823308,True
I forgot to bring chocolate with me. Major disaster.,0,1,0.6082703444680729,False
...death to muslims,1,0,0.4476201821324523,False
Railways caught unawares by MP tragedy; Accident spot never marked as vulnerable,1,1,0.6998893924712509,True
' no pharrell only YOU can prevent forest fires ' ??,0,1,0.7953354475688911,False
I'll give him a titty twister,0,0,0.21842150668533059,True
high time TV channels realised what levels they have sunk for TRP and ads.it has become a mockery,0,0,0.3618735842169965,True
I apologise sincerely for the inevitable deluge of #GBBO tweets to come. I won't hold any grudges if you decide to unfollow #baking #cakes,0,0,0.21842468372208995,True
TTW Today's News: Bin Laden family plane crashed after 'avoiding microlight and landing too far down runway',1,1,0.8237590714884423,True
Think how spectacular it will look when the Stonewall riots obliterate the white house.,1,0,0.3185220876938735,False
Soul food sound so bomb right now ',0,0,0.41248905854217716,True
Do babies actually get electrocuted from wall sockets? I'm wondering how I and those before me survived childhood.,1,1,0.5097563168895328,True
Former Township fire truck being used in Philippines: Township of Langley assistant fire chief Pat Walker spen...,1,1,0.6244817493898347,True
Elsa is gonna end up getting electrocuted. She's gonna end up like that cat from christmas vacation.,0,0,0.4337154673387069,True
jay....big L....pun....biggie...wrap over...zero question....fatality...flawless victory,0,0,0.3919693223053699,True
Terrorists attack police post; 2 SPOs injured #YUG,1,1,0.8054334474029123,True
Multiple Buildings On Fire In Downtown Hinton,1,1,0.7572843960757192,True
What if every 5000 wins in ranked play gave you a special card back.. Would be cool for the long te_,0,0,0.18300255822738085,True
satan's daughter shadow warrior in 50ft women aka transgender mode ps nyc is about to fold extra extra center of bioterrorism,1,0,0.429946774882592,False
Anyone travelling Aberystwyth-Shrewsbury right now there's been an incident. Services at a halt just outside Shrews. Ambulance on scene.,1,1,0.6201344865879935,True
FedEx stops shipping potential bioterror pathogens #trucking,1,0,0.49299487727371427,False
MH370: Aircraft debris found on La Reunion is from missing Malaysia Airlines ... - ABC Onlin... G #Malaysia #News,1,1,0.9077839063693434,True
How to ruin the holidays in 3 wordk: 'It's a Zmne!',0,0,0.14530710365344485,True
Cramer: 3 words that wrecked DIS stock -,0,0,0.14759299264274142,True
Pandemonium In Aba As Woman Delivers Baby Without Face (Photos)....,1,0,0.33659687476058214,False
Turn back to me! I have rescued you and swept away your sins as though they were clouds. Isaiah 44:22 Contemporary English Version,0,0,0.4139505523278214,True
Yo Dm me,1,0,0.2558175414883914,False
A Mad Catastrophe : The Outbreak of World War I and the Collapse of the...,1,1,0.6787055267476472,True
Chinese rescue team arrives in Myanmar to help flood victims Sittway,1,1,0.6831029040683224,True
haha traumatised !!!! Hell no I want a job ?? xxx,0,0,0.1655007004545399,True
Would've been great if Mbiwa just flattened that little rat.,0,0,0.1520230396377661,True
. visits villages recently bombed by Turkey and finds people fed up with the PKK,1,1,0.5858005860550605,True
IOF murdered over 513 Palestinian children (70% under 12) during Gaza Massacre where was zionist morality-zionism is a world evil!,1,1,0.7761228590581245,True
Bicycle-SUV accident in Mesick: Police say that the bicyclist entered onto West M-115 and collided with a boat...,1,1,0.7712535317665318,True
I just watched emmerdale nd I don't know who most of them are but a slightly attractive man named Ross just got beat up nd now he's dead,1,0,0.15245675444439705,False
Suicide bomber kills 15 in Saudi security site mosque - Reuters,1,1,0.8679519555631797,True
Wow. #FIFA16 has Pre Season Tournaments in Career Mode. Bloody hell evacuate the building #whocares,0,0,0.363560044179027,True
Cross-border terrorism: Pakistan caught red-handed again - The Times of India,1,1,0.8205911896073012,True
I liked a video from GTA 5 - SUICIDE STICKY BOMBER (GTA 5 Online Funny Moments),0,0,0.38041685161765404,True
Meet Brinco your own personal earthquake snd tsunami early warning beacon.,1,1,0.7924140283232676,True
Alhaji Putin is far from being a good person sha. At least I had front row seat to his complete obliteration of Ibeto cement a competitor.,0,0,0.21884522286893612,True
Oops: Bounty hunters try to raid Phoenix police chief's home: -- A group of armed bounty...,1,1,0.5641939531076564,True
I do It just seemed like the pages were out of order,0,0,0.25420212436391304,True
my day has been a disaster of emotions,0,0,0.49592635507760646,True
there's literally a video of an elephant he had tied up in metal cables and electrocuted to death,0,1,0.619267203395137,False
- Pandemonium In Aba As Woman Delivers Baby Without Face,0,0,0.3509562767470276,True
why Jammu is soft target for terrorist,1,1,0.6421977723211546,True
Dramatic Video Shows Plane Landing During Violent Storm,1,1,0.7755852788741272,True
Here we go again. EBOLA! Run for your lives! aaarrrgghhh!,1,1,0.7079198096247667,True
GIVE ME FREE ART KAMON,0,0,0.25724902982856424,True
Navy: No charges against officer for weapons violations in Chattanooga attack,1,1,0.677023121484877,True
they'll probably allow us to ascend them but not get them to the damage max values,0,0,0.3893984274941211,True
Am now repped by the fantastic Laura Milne for all your liguistic needs. And that's some tongue twister tweets,0,0,0.26178394196012084,True
Join #charity 10k #run event! 11am start Sun 20 Sept 2015 Castle Donington Community First Responders,0,0,0.44041874078963655,True
Whole slew of updated posts coming now that the hosting is fixed! #UnFML #deluge,0,0,0.3332137238107031,True
My hands are cold but my feet are warm. That's where I keep my lava,0,0,0.24170096674034836,True
no but a stretcher would have been nice.,0,0,0.21311271262191112,True
Check out Vintage Longaberger Floral Fabric Shoulder Cross Body Bag Brown Leather Strap,0,0,0.1029804751109281,True
This week first responders and DART members are participating in a four day intensive Technical Large Animal...,1,0,0.3737184497903329,False
Hiroshima is now beautiful on the ashes of the old. So could be a terrorist Pakistan.,1,1,0.8559901544966457,True
Drunk Meals 101: What To Cook When You're Totally Obliterated,0,0,0.3381702885259849,True
???? Bruh that's the lady from Mulan!!,0,0,0.3216545274461653,True
Police investigating after an e-bike collided with a car in Little Portugal. E-bike rider suffered serious non-life threatening injuries.,1,1,0.7304353815904447,True
My emotions are a train wreck. My body is a train wreck. I'm a wreck,0,0,0.42516324446289355,True
America like South Africa is a traumatised sick country - in different ways of course - but still messed up.,0,1,0.5086693048776745,False
. is looking to repair its recent bad rap with some #nonprofit partnerships:,0,0,0.37967636264478277,True
FOOTBALL IS BACK THIS WEEKEND ITS JUST SUNK IN ??????,0,0,0.22175509031273735,True
So the Ahamedis think the Messiah had already come 125 years ago? Where is Armageddon? Where is the Dajaal? Where is Gog & Magog?!,0,0,0.339950851094867,True
VIDEO: Virgin Galactic crash: Brakes blamed: Investigators have said a Virgin Galactic spaceship crash was caused by structural failure_,1,1,0.8314330133912063,True
Tsunami - DVBBS & Borgeous (Arceen Festival Trap Remix) via,0,1,0.5009154583027365,False
Man wife get six years jail for setting ablaze niece,1,0,0.4134236304869317,False
thanks! I sweat bullets every time I get in with this blazing sun beating down on me.,0,0,0.1522273161004097,True
if firefighters acted like cops they'd drive around shooting a flamethrower at burning buildings,0,1,0.8163935702024123,False
Aubrey really out here body-bagging Meek.,1,0,0.21275445335544763,False
wow what convincing & compelling evidence to change my view that is. climate change deniers I tend to destroy by giving...EVIDENCE,0,1,0.512457603829888,False
Bloody insomnia again! Grrrr!! #Insomnia,1,0,0.15564073532006184,False
someone has to be at the bottom of every league. Tonight clearly demonstrated why the Lions are where they are - sunk!,1,0,0.34213397338177004,False
I don't laugh out loud at many things. But man I really lol @ the big bang theory.,0,0,0.1673998992566189,True
Cuban leader extends sympathy to Vietnam over flooding at,1,1,0.7083625905781775,True
Canberra's first Mr Fluffy homes demolition schedule released,0,1,0.5591516898854115,False
thank you. ?? now I don't have a city wide curfew. ????,0,0,0.25735306423235343,True
Womem Crush Wednesday ??????????????????,0,0,0.34412421284575984,True
Drake spokes rep for the raptors.Beg to differ the other night when shots rang out at Musik wasn't a goodlook.Running in panic no fun,0,0,0.29805007144888557,True
Fukushima: The Story of a Nuclear Disaster,1,1,0.863605394620359,True
funny cause my dumb ass was the young one to get n trouble the most lol,1,0,0.18577136925572768,False
So we should send it all 2 him then? Drown him in it? I like the way u think! #AllTheKidneyBeansAndSorbet4Misha #YES,0,0,0.23198831619195315,True
#ABCNews Obama Declares Disaster for Typhoon-Devastated Saipan: Obama signs disaster declaration for No... #World,1,1,0.8385092671197574,True
The quote website = disaster. Tried 3 browsers & 3 machines. Always get 'Missing Info' error due to a non-existant drop down.,0,1,0.7224752006212182,False
Shed innocent blood of their sons and daughters and the land was polluted Psalms 106:38 Help stop the sin of abortion.,0,0,0.4461849220118218,True
1.9 #Earthquake in 5Km S Of Volcano Hawaii #iPhone users download the Earthquake app for more information,1,1,0.7454417084944597,True
accepts Wisconsin Emergency Response Plan on behalf of #nbc15,0,1,0.5417705755112872,False
idk....I feel like his movies have done more harm than good. They make us look sterotypical annddd colorism is prevalent sort of,0,0,0.14044656730029398,True
and he's the current Nova in the bookslast I checked..he was tied into the books in 2011 after Rider died during Annihilation,0,1,0.5642480781552478,False
'Trust us to get rescued by the dopey ones!' Val is hilarious shame she's probably going to die #emmerdale,0,0,0.2602721322913493,True
We must refuse to become a nation with everyone living in fear of being shot unawares by intoxicated &/or crazy people.,1,1,0.5416897037264155,True
So these savages leaked Thomas Brady gangstermail account and wonder why he was quick to fatality his Samsung mobile? B real son.,0,0,0.23438430754150213,True
Hellfire! We dont even want to think about it or mention it so lets not do anything that leads to it!,0,0,0.15637611532984008,True
Reddit Will Now Quarantine OffensiveContent,1,0,0.23285815083309921,False
A Tale of Two Pox - Body Horrors #virus #infectiousdiseases #bioterrorism,1,0,0.34418275046536967,False
Fylde Building set to be flattened: One of Prestons city centre iconic buildings is disappearing from the skyline.,0,1,0.8456203067880105,False
Families to sue over Legionnaires: More than 40 families affected by the fatal outbreak of Legio... #MuhamadJabal,1,1,0.802413423221218,True
Looks and sounds like a war zone,1,0,0.40959818567131534,False
What's wrong with just a lil smoke and good conversation ????,0,0,0.1185853168819755,True
YEAH ITS NOT WORTH IT BC HE ALREADY HAS SO MANY SPAMMERS & HIS TWITTER IS PROBABLY BLOWN UP EVERY SECOND,0,0,0.22310359827619897,True
shit is hard to get over but sometimes the tragedy means it's over soulja..,1,0,0.4358787049585537,False
I wonder how times someone has wrecked trying to do the 'stare and drive' move from 2 Fast 2 Furious,0,0,0.2611998934191287,True
A gas thing just exploded and I heard screams and now the whole street smells of gas ... ??,1,0,0.4032140027864734,False
Aftershock (2010) Full Streaming - YouTube,0,0,0.24559120303109852,True
Zayn just blew up twitter.,0,0,0.10890657161057882,True
Crazy storm hit and I'm trapped inside a Hobby Lobby AMA,1,1,0.6779803104617517,True
Powerlines down over tram on GC Highway. Passengers have just been evacuated,1,1,0.7524861497248875,True
INFO S. WND: 030/6. CLD: SCT014 BKN032. EXP INST APCH. RWY 05. CURFEW IN OPER UNTIL 2030 Z. TAXIWAYS FOXTROT 5 & FOXTROT 6 NAVBL. TMP: 10.,0,0,0.3289025826331463,True
Some days I drown in my tears but I don't let it get me down,0,0,0.1889246952686657,True
Young dancer moves about 300 youth in attendance at the GMMBC Youth Explosion this past Saturday. Inspiring!,1,1,0.6431425179626344,True
Morgan Silver Dollar 1880 S Gem BU DMPL Cameo Rev Blazing MS+++++ High grade! - Full read _,0,0,0.3866998017353255,True
The annihilation of Jeb Christie & Kasich is less than 24 hours away.. Please God allow me at least one more full day...,0,0,0.4531828077284678,True
not bad personally I'd get rid of either hazard or aguero for a better striker than berahino,0,0,0.1961430501388764,True
Progressive greetings! In about a month students would have set their pens ablaze in The Torch Publications'...,0,1,0.5025072797407178,False
You're on stage now! Right under the lights! Isn't it funny?! Where do you get the goofballs with which you staff your PD?,0,0,0.369428518671121,True
#Philippines Former Township fire truck being used in Philippines: _ of emergency equipment in Cebu Philippi...,1,1,0.69244787926791,True
Best movie you've ever seen? - Armageddon,0,0,0.1599404942171162,True
#iphone #twist Ultimate #preparedness library: Prepare Yourself For Any Catastrophe. Ov,0,1,0.5299690651045574,False
11000 SEEDS 30 VEGETABLE FRUIT VARIETY GARDEN KIT EMERGENCY SURVIVAL GEAR MRE - Full rea_,0,1,0.521847009384024,False
I can't drown my demons they know how to swim.,0,0,0.3145135603637927,True
GodsLove & #thankU my sister for RT of NEW VIDEO The Coming Apocalyptic US Earthquake & Tsunami,0,0,0.4884966469051172,True
#??? #?? #??? #??? MH370: Aircraft debris found on La Reunion is from missing Malaysia Airlines ...,1,1,0.8850208698399348,True
'Cause you play me like a symphony play me till your fingers bleed. I'm your greatest masterpiece. You ruin me??,0,0,0.206661736002448,True
REVEALED: Everton hijack United bid for 14-year-old WONDERKID! -,0,0,0.39506598984029606,True
St steel coffee cafetiere exploded this am with loud bang hot coffee & grounds shot over table clean crockery phone tablet. How?,1,0,0.32276256750370874,False
ISIL claims suicide bombing at Saudi mosque that killed at least 15,1,1,0.9265575079478138,True
People really still be having curfew even when they're 18 & graduated high school ??,0,0,0.2959296888782703,True
The People's Republic Of China ( PROC ): Abandon the West Philippine Sea and all the ... via,0,1,0.7043189055823212,False
[CLIP] Top-down coercion - The structural weakness ensuring government failure,0,1,0.5268291573328285,False
bbc r5live studio discussion of hiroshima v poor. sheer *luck* the cold war did not result in catastrophe. MAD = red herring. #ScrapTrident,1,1,0.7401819972008282,True
Rioting.,1,1,0.8122492130695511,True
Buildings are on fire and they have time for a business meeting #TheStrain,1,1,0.6850160315727146,True
*nominates self but wins by a landslide*,0,0,0.35581845154296965,True
I AM SCREAMING HELL YES AHHHH OMG,0,0,0.30368024836909874,True
It should be our duty to obliterate superstition from our society : Swami Agnivesh,0,0,0.3000387185290618,True
The Angel of History propelled into the future by the winds of progress leaves in its wake piles of death and destruction. WB,0,0,0.4627656063129551,True
Israeli helicopters that attacked civilians in Gaza just completed exercises in Greece.,1,1,0.5675862893775404,True
I ruin everything ????,0,0,0.14530710365344485,True
FedEx no longer will ship potential bioterror pathogens - FedEx Corp. (NYSE: FDX) will no longer deliver packages ...,1,0,0.37278977772163097,False
Poor Liv and I getting our phones wrecked on the same day #thatswhatfriendsarefor,0,0,0.2705992197669984,True
Bed time. Don't wake me up unless revolution or Armageddon start.,0,0,0.22916304365598486,True
Phillips should be charged for assisting terrorism. LDNR-terrorists' organizations.,1,1,0.6686024027509271,True
Heat Advisory is In Effect From 1 PM Through 7 PM Thursday. A Building Heat Wave and Increasing Humidity... #lawx,1,1,0.78914745614657,True
Over half of poll respondents worry nuclear disaster fading from public consciousness ##fukushima,0,1,0.7595058114909556,False
SF Asian Women's Shelter crisis line (415) 751-0880. Emergency shelter/support services 4 non-English speaking Asian women & children.,1,1,0.6988045565677498,True
It feels like if i would try to grab one off hes Cheetos i'll get bombed.,0,0,0.20226009232143863,True
Traffic Collision - No Injury: I5 S at I5 S 43rd Ave offramp South Sac,1,1,0.7525420365986385,True
'When you walk away Nothing more to say See the lightning in your eyes See em running for their lives',0,1,0.5990475911114359,False
Fire in Pisgah National Forest grows to 375 acres,1,1,0.7694188932645275,True
Wish I had a personal hair twister,0,0,0.27244868219384316,True
not to hijack but as a bona fide cislady I can confirm this as true; incidental homosexuality =/= gay/bi for women.,1,1,0.501742763884915,True
I added a video to a playlist Natural Disaster Survival - HUG BY A GUEST!! on Roblox,0,1,0.5589437774996224,False
When I breathe it sounds like a windstorm. Haha cool,0,0,0.29859045474284285,True
GENERAL AUDIENCE: On Wounded Families | ZENIT - The World Seen From Rome,0,1,0.5756755771223465,False
Earthquake and tsunami that occurred in Japan 'free speech' is also swallowed.,1,1,0.7674618930953517,True
#breaking #LA Refugio oil spill may have been costlier bigger than projected,1,1,0.8274740334524934,True
JAX issues Hazardous Weather Outlook (HWO) #WX,1,1,0.7271238813573394,True
The Drought Is Real ??????,1,1,0.6107689422415917,True
So a train derailed and instead of me getting to work early like I would've I'm now late as fuck,1,1,0.5988237493918172,True
'The man who can drive himself further once the effort gets painful is the man who will win.' Roger Bannister,0,0,0.439034391838547,True
Today your life could change forever - #Chronicillness can't be avoided - It can be survived Join #MyLifeStory >>>,0,0,0.3026945104183531,True
Firefighters from Connecticut are headed to California to fight wild fires,1,1,0.9502300285475229,True
I added a video to a playlist S 109 - SWS | Fatality (Captain Falcon) Vs. Snow (Fox) SSB4 Losers,0,0,0.3241482171129992,True
. responds: FedEx no longer to transport bioterror germs in wake of anthrax lab mishaps,1,1,0.7496195886732463,True
The number of people denying climate change on the polar bear article makes me fear for the future of the US but also humanity in general.,0,0,0.3604897335106528,True
Has an accident changed your life? We will help you determine options that can financially support life care plans and on-going treatment.,0,0,0.42545633446540027,True
Photo: referencereference: xekstrin: I THOUGHT THE NOSTRILS WERE EYES AND I ALMOST CRIED FROM FEAR partake...,0,0,0.22386936951757339,True
Only one commodity has escaped the total collapse in prices #business,0,1,0.6359050490882381,False
If you can't have the roar of the waves a rainstorm & some rolling_,0,1,0.5286842202696174,False
no lives lost except those of first responders or the public they're charged with protecting?,1,1,0.6539548726771447,True
Colorado is a Spanish word ([Latin origin] meaning 'reddish' or 'colored') all you dummies are pronouncing it wrong!!!,0,0,0.3194069476929151,True
Mmmmmm I'm burning.... I'm burning buildings I'm building.... Oooooohhhh oooh ooh...,1,1,0.8279776051385611,True
its a family emergency so I can't make it unless I have a chance to use by phone for stream.,0,0,0.28076415176402864,True
and when will you be commenting on Ian Taylor's dealings with mass - murderer Arkan?,1,1,0.6972067100339566,True
RT 'The person who dances with you in the rain will most likely walk with you in the storm.' -Anonymous,0,1,0.6474300719541917,False
There are Christian terrorists to be sure but I don't suicide bombing is employed often as it is in Islamic groups.,1,1,0.7258424425175583,True
Ted Cruz fires back at Jeb & Bush: We lose because of Republicans like Jeb & Mitt. [Video] -,0,1,0.53776043936929,False
catastrophic-fallen-angel: reveillertm: macabrelolita: I was supposed to write amino acids and I nearly...,0,0,0.360129664177138,True
Ron & Fez - Dave's High School Crush via,1,0,0.28582821045768164,False
Learn how to evacuate your home in the event of a #wildfire view videos at #CA #NV #UT #CO #OR,1,1,0.8681936923260798,True
I have completed the quest 'Demolish 5 Murlo...' in the #Android game The Tribez. #androidgames #gameinsight,0,0,0.313436474022428,True
it has crashed so many times the past couple hours,0,1,0.6699612857097195,False
CIA plot! *rolling eyes* RT Chinese relatives of MH370 victims say reunion island wreckage was planted,1,1,0.762158600623569,True
It still hasn't sunk in that I've actually met my Idol ????,0,0,0.24783203026071454,True
All I got in this world is my bros I don't wanna see no harm come they way Ima lil upset right now ??,0,0,0.1865067253502441,True
PAGASA 7:12am: YELLOW warning - Panay Island Guimaras Negros. Possible floods in low-lying areas & landslides in mountainous areas.,1,1,0.7978419267413251,True
Eyes smile. Pretty smile. Good hair. Miss Luhan in exo. ????????,0,0,0.1994421978386812,True
Iranian warship points weapon at U.S. helicopter official says #tcot,1,1,0.5526351053240517,True
Debris confirmed from MH370; relatives hope for discovery of crash site via #Video,1,1,0.8208565091194054,True
I liked a video from SPECIALGUEST CRAPGAMER RECAP MICROSOFT DESTROYED SONY AT GAMESCOM,0,0,0.20998707667387842,True
Despite the deluge of #FantasticFour notices our man O'Cuana is still buying tickets - because he's bloody-minded like that.,0,0,0.2074639443531231,True
As California fires rage Forest Service sounds the alarm about sharply rising wildfire costs,1,1,0.9211271515128516,True
Natalie Stavola our co-star explains her role in Love and Hostages. Check it out! #LH_movie #indiefilm #comingsoon,0,0,0.25927856441623914,True
Another white guy trying to mass murder people for no apparent reason just because let me guess he's mentally ill blah blah blah #Antioch,1,0,0.35746526820119123,False
#NowPlaying: Rene Ablaze & Ian Buff - Magnitude #EDM,0,0,0.20216457350572833,True
Would you please explain what you are going to do about the volcanoes & bush fires spouting all that CO2 into the air?,1,1,0.7921824023115085,True
Twelve feared killed in Pakistani air ambulance helicopter crash - Reuters #yugvani,1,1,0.8568940481338774,True
A Year Later Ferguson Sees Change but Asks if Its Real,0,1,0.5113196213549126,False
'A Nightmare On Elm Street' Is Getting Remade... Again -,0,1,0.7019269458363043,False
Wildfire Burns On California U.s. China Economic Net _ :,1,1,0.8520142846518076,True
I rate Hazard very highly but his fanboys are among the worst accounts on Twitter.,0,0,0.2379069415830828,True
EUROCRISIS Guardian Greece's tax revenues collapse as debt crisis continues: As talks continue over proposed ...,1,1,0.7726197597060221,True
Was in NYC last week!,0,1,0.5844034052703064,False
Sweater Stretcher,0,0,0.24770038866400904,True
Free Ebay Sniping RT? Lumbar Extender Back Stretcher Excellent Condition!! ?Please Favorite & Share,0,0,0.2033168185748294,True
'NO LENDER FEES FOR VETERANS OR FIRST RESPONDERS (PAST AND PRESENT)' on,0,0,0.4534536036748753,True
Taylor and Cara aka Catastrophe and Mother Chucker behind the scenes of Bad Blood. Vote: #VMAs,0,0,0.26175644034846973,True
Wow! He crushed that! #EDWING #BlueJays,0,0,0.3201557369044918,True
What it was like to survive the atomic bombing of Hiroshima,1,1,0.853616501379596,True
'I... Wow. Alright.' Sansa shook her head and blinked rapidly as the new information sunk in. 'I really don't know what--,0,0,0.13129437499037525,True
Trouble trouble when I don't get my way ????,0,0,0.20106070118057268,True
Joe ur so smart u should run 4 president Ur perfect !The American people love assholes u'd win by a landslide,0,0,0.41875334084849475,True
aren't dangling piercing crystals potentially hazardous to the eyes? :),0,0,0.31120941168991034,True
Any lengths to rescue a cat in need!,0,0,0.2600920743614767,True
if the NDA is written to damage your ability to offer your services in the future then you prolly don't want the work anyway,0,0,0.3026713541578695,True
HOBO Hobo Vintage Shira Convertible B_ $238.00 #bestseller,0,0,0.46946725524926597,True
The 'twins' survived their first day of high school!! They're gonna have a great year!! #makinmemories 2015,0,0,0.35654488284089003,True
Bluedio Turbine Hurricane H Bluetooth 4.1 Wireless Stereo Headphones Headset BLK - Full re_,0,1,0.6941777081913704,False
Two giant cranes holding a bridge collapse into nearby homes,1,1,0.8230889916798197,True
I'll cry until my pity party's in flames ????,0,0,0.2700285844267185,True
#Myanmar Displaced #Rohingya at #Sittwe point of no return #Prison like conditions #genocide IHHen MSF Refugees,1,1,0.7642479895195818,True
Images of Famine Hope In Christ - A blog on what happens when we forget God #HopeinChrist,1,0,0.31075639127899446,False
To All The Meat-Loving Feminists Of The World Riot Grill Has Arrived,1,0,0.2566221640813469,False
Help me win $$$$ by having the most shares on my article! A Lifetime Of Fear Thanks! #BlackInAmerica #GrowingUpBlack,0,0,0.2076155208600495,True
I hope you drown ??,0,0,0.29335366536255114,True
Lab today ready for these body bags. ??,0,0,0.2755737143847425,True
A new tropical cyclone is forming near Guam. Once it is formed it will be called 'Molave'.,1,1,0.6501384489368249,True
Pretty teen Hayden Ryan poses and strips out of her purple top View and download video,0,0,0.28277557990653324,True
. I crushed squirrel bones with a mortar and pestle for my school's bio dept. not really sure why #WorstSummerJob,0,0,0.12910168623498278,True
#?x?: :and to counter acts such as the burning of the Alexandrian library.,1,0,0.4724010652521123,False
Aspiring musician & song writer shares her talent at the GMMBC Youth Explosion on this past Saturday.,0,0,0.3937605876333996,True
3 Options To Fix Your Facebook Cover Violation and Keep the #Facebook Police away. #socialmedia #strategy,0,1,0.5131849851972657,False
TY for the follow Go To BRUTALLY ABUSED+DESOLATE&LOST + HER LOVELY MUM DIES..Is it Murder?,1,1,0.5155081441066428,True
A memorial to the millions who perished in the Holodomor has been erected in the U.S. capital.,1,1,0.5806810061050433,True
i need u to delete this before i start crying into my computer and electrocute myself,0,0,0.11724322761304719,True
im jokin still cant be on moves:/,0,0,0.47936420023967813,True
Catching up on GBBO and omg that girls cake that just totally collapsed I feel so bad,0,0,0.24055853480531955,True
In your eyes I see the hope I once knew. I'm sinking. I'm sinking away from you. Don't turn around you'll see... You can make it.,0,0,0.16692405554784737,True
Ali you flew planes and ran into burning buildings why are you making soup for that man child?! #BooRadleyVanCullen,0,1,0.6112288405270783,False
here comes the hail!,1,0,0.39714357496565433,False
If your lost & alone or your sinking like a stone carry on,0,0,0.30926451033869723,True
And that's because on my planet it's the lone audience of the apocalypse!,0,0,0.4856376013596672,True
5 Seconds of Summer Is my pick for Fan Army #5SOSFAM 1,0,0,0.2720670205421756,True
Literally trapped in my room Cuz my bathroom being remodeled. The only exit is through a window,1,0,0.37416109248570006,False
but he DIDNT,0,1,0.5033059239685109,False
Don't forget tragedy ??????????????,0,0,0.4781584613909655,True
Former heroin addict shares story as city leaders sound alarm: City officials said emergency teams responded t...,1,1,0.6684859394158567,True
Just absolutely obliterated a moth my new purchase is boss,0,0,0.12461024541966476,True
Malik Saadthe best police officer produced by KPdied in a suicide bombing on 27 Jan 2007he was more than a brother to me. #KPPolice.,1,1,0.8187750113086705,True
Arson suspect linked to 30 fires caught in Northern California (via,1,1,0.8794194503485279,True
My and food worlds have collided in this salmon video. #simple #Alaskaseafood #askforalaska,0,1,0.5424704559853524,False
for the #international emergency medicine conference w/ Lennox Hill hospital and #drjustinmazur,0,1,0.5775508413876789,False
HALSEY AND TROYE COLLAB WOULD BE BOMB,0,1,0.6187236905700282,False
New evacuation ordered for 25 homes in danger of Hwy. 8 fire near Roosevelt Wash. #KOIN6News,1,1,0.7793137130415467,True
Nkea destroyed lives in Gambia as a mercenary judge.,0,1,0.5158391111246096,False
#EverydayNaija | Flood: Two people dead 60 houses destroyed in Kaduna,1,1,0.5978662085880352,True
then you have rise of Coates Charleston massacre Walter Scott and black twitter more broadly as well.,1,0,0.46180652288012913,False
First Responders Convene for National Summit and Awards on GIS Technology #gisuserPR #geoTech,0,0,0.3942114262543386,True
And by doing this you're enabling the possible collapse of the industry.,0,1,0.6567879109056546,False
infected bloody ear piercings are always fun??,0,0,0.14783110491033524,True
Marley Brinx gives a striptease and then spreads her legs for a pussy pounding View and download video,0,0,0.31819348667595876,True
*As it was typical for them their bullets collided and none managed to reach their targets; such was the ''curse'' of a --,0,0,0.44999929405285694,True
Enjoying a little golf this summer? Take care to avoid injury -- back and shoulder injuries can happen quickly,1,0,0.3220015853608095,False
'If plan A does not work don't panic bc there are 25 more letters.' I like this but feel like I may be running out of letters- thoughts?,0,0,0.19196587666684004,True
JKL cancels Flash Flood Warning for Bell Harlan Knox [KY] #WX,1,1,0.7817930160984935,True
How a little studio in the middle of nowhere is becoming the epicentre of communication.,0,0,0.3073258265058156,True
Suicide bomber kills 15 in Saudi security site mosque - Reuters via World - Google News - Wall ...,1,1,0.8833829992583897,True
Nothing but trouble - Lil Wayne & Charlie Puth????????,0,0,0.25657895381255674,True
investigate why Robert mueller didn't respond to my complaints since Nov 2011 & just left me/son out her in danger,0,0,0.3741092029624329,True
Hundreds feared drowned after another Mediterranean asylum seeker boat sinking,1,1,0.5974997648456346,True
#thunder outside my house this afternoon #gawx ??????????????????,1,1,0.5717607635967517,True
christie keeps telling me that i need to be electrocuted,0,0,0.3319542848195549,True
it's 11:30 and I'm already panicking and crying bc I'm so stressed NICE,0,0,0.32478737764997884,True
Acc to the study conducted by SKIMS morethan 50% population in #Kashmir suffer psychiatric disorders #KashmirConflict,1,1,0.5158695775575477,True
CLEARED: COLLISION: #QEW Fort Erie bound approaching Hwy 405 #Niagara.Vehicles removed. ^ag,1,1,0.6001988909637642,True
'Without an ally near you can't use this skill.' How did you get hired? Really cause it's making every Riot staff member look incompetent.,0,0,0.46587081228853633,True
On I-405 southbound at Coal Creek Pkwy there is a collision blocking the center lane.,1,1,0.6401423429683819,True
[loud groaning] Let us bang.,0,0,0.18014043105966282,True
+ DID YOU SAY TO HIM!!?!?!?!' and phil actually collapsed on the gravel sobbing endlessly with a crowd watching him confused angry mad+,0,0,0.40430540076281585,True
DOE's WIPP facility in NM investigating a site filter radiation reading; has activated its Emergency Ops Center; says no offsite release.,0,1,0.5339723862195809,False
The grenade sound effect on 'Impossible' just destroyed about 10 other hoes careers ??,0,0,0.3425959108379555,True
We need help! Horses will die!Please RT & sign petition!Take a stand & be a voice for them! #gilbert23,1,0,0.24604316879744667,False
The 08/06/2015 AlabamaQuake seismic summary w/ #earthquake #news & history,1,1,0.8498103886643249,True
SO MANY SECURITY GARDS THIS IS GOOD. I DARE THEM TO LET SOMEONE HARM HARRY #OTRAMETLIFE,0,0,0.17113174654301222,True
do you want to hear more? Displaced my parents until both died in the diasporas !,0,1,0.5421377237568533,False
Madhya Pradesh Train Derailment: Village Youth Saved Many Lives: A group of villagers saved over 70 passengers' lives after two train...,1,1,0.8990689305835167,True
GOP debate tonight but no Jon Stewart next week to obliterate them ?? #JonVoyage,0,0,0.2397346243808859,True
Udhampur terror attack: NIA takes over probe Pakistani terrorist quizzed; Pak denies link #Elections #AcheDin #_,1,1,0.7943868991523512,True
#KCA #VoteJKT48ID DUCKVILLELOL: Burning flips the table and says 'screw this lets hit some buildings!' Grabs a DR _,0,1,0.6499980617104697,False
Civilian casualties rise as Afghan war intensifies in 2015--,1,1,0.8343751296377961,True
usually I'd agree. Once the whole chopping heads off throwing gays off rooftops & suicide bombing start,1,1,0.6906642285199147,True
#NoSurrender Results: Full Metal Mayhem World Title Match Bully Ray Taken Out A Career Comes To An End and More!,0,0,0.3459307989865117,True
I know will be saying her final goodbyes to grandpa as seen on news RiP Me? always open to ideas but may ve curfew,0,0,0.23534869450932125,True
Heroes! A Springer Spaniel & her dog dad rescued a stranded baby dolphin:,1,0,0.31587156801650984,False
Except we don't know who started the riot or if it even makes sense to credit any particular individuals...,1,0,0.24494164159846415,False
80 faculty members pushing university to overturn ban of trauma center protesters,1,1,0.62708731885695,True
My boyfriend wants too see too! #TwisterLovesShania ??????,0,0,0.28817346497217133,True
Fingers crossed that there will be a driver from Hendricks in Military Hospitality w/,0,0,0.4138420618061657,True
I get this feeling that society will collapse or implode. So don't be a hero and play your part.,0,0,0.3392194289885005,True
Online infantryman experimental military training tutorials shower down upon assertative intelligence as regard...,0,0,0.34795891319529704,True
A Marshall Plan for the United States by Dambisa Moyo via #oped via,0,0,0.3696335045166475,True
There's a weird siren going off here...I hope Hunterston isn't in the process of blowing itself to smithereens...,1,0,0.3484417786016687,False
If you don't have anything nice to say you can come sit with me.,0,0,0.23206325501513467,True
Police expand search for missing pregnant woman in Beloeil: Police in Richelieu-Saint-Laurent are expanding th...,0,1,0.7716243833724131,False
Bruh white people buy the ugliest shoes and they them super tight no blood going to there feet,0,0,0.2241904938767575,True
'Jet fuel cant melt steel' 'The structural failure is illogical' 'The second plane crashing into the building is fake' 'It was a bomb',1,1,0.6499889204874635,True
Still and Box alarm for the train derailment at 61st and Calumet struck out on the orders of 2-1-21. #ChicagoScanner,1,1,0.7709529845728248,True
One Year on from the Sinjar Massacre #Yazidis Blast Lack of Action Over Hostages,1,1,0.7507506296074,True
lizzie363 I drove thru deep water in a flash flood--rainstorm repair cost $14000. 25 yrs later people still thnk cars float!!!,1,1,0.6671762875210706,True
Since 1940 the year Angela Sanders was born roundhouse kick related deaths have increased 13000 percent.,1,1,0.5570627456768829,True
Just down drown me k I can't swim,0,0,0.27037902315310947,True
don't drown,0,0,0.271374363118857,True
Casually on the phone with Jasmine while she cries and screams about a spider,0,0,0.21178551154445285,True
Your Router is One of the Latest DDoS Attack Weapons #phone #gaming #tv #news,0,1,0.7578768410484021,False
Barbados #Bridgetown JAMAICA Two cars set ablaze: SANTA CRUZ Head of the St Elizabeth Police Superintende...,1,1,0.6630486688934043,True
Enugu Government to demolish illegal structures at International Conference Centre,0,0,0.35522778518408965,True
Watching a man electrocuted on the roof of #mumbailocals is definitely a lesson.. People please learn!! #lessonforlife #marinelines #mumbai,1,1,0.527229040879133,True
Pandemonium In Aba As Woman Delivers Baby Without Face(Photos),1,0,0.33659687476058214,False
man you kno I'm there !,0,0,0.4079405178766136,True
I hate this damn Milwaukee IndyFest. All the cars sound like a really long tornado siren going off and it woke me up from my nap,0,0,0.31514768603447546,True
Just came back from camping and returned with a new song which gets recorded tomorrow. Can't wait! #Desolation #TheConspiracyTheory #NewEP,1,0,0.1320933945749934,False
Love how I don't get in any trouble for having people over and the house still being trashed,0,0,0.14666448610442617,True
Pilot Dies In Plane Crash At Car Festival via #Crash #Aircraft #Airplane #Pilot #Death #Accident #CarFest,1,1,0.9313552368197417,True
Riot Kit Bah - part of the new concept Gear coming for Autumn/Winter #menswear #fashion #urbanfashion_,0,0,0.29831238214088596,True
Owner of Chicago-Area Gay Bar Admits to Arson Scheme via #LGBT,0,0,0.45932563237996576,True
Yes life has a 100% fatality rate.,0,0,0.2602601041581873,True
Nuclear #Solar Power #Japanese #Fukushima Reactor Energy Japan Temperature No. Fuel Pool More,1,1,0.7064639352966445,True
Apperception bridgework blight: XxhJeSC,0,0,0.1457180089858419,True
I agree but I knew we'd be going to the deep roads again because they found Blight in red lyrium. It ain't over yet >_>,0,0,0.2254113140981682,True
People are finally panicking about cable TV,0,0,0.2639159570260563,True
Is LA at Risk for a Giant Wildfire? - Which Way L.A.? on KCRW,1,1,0.7268974911333749,True
destroyed!??,0,0,0.2926293861504501,True
YOUR a great pair. Like a couple of Graywardens fighting the blight...,0,0,0.2629505376272561,True
Found this cool photo not mine 1952 Dodge Wayne bodied 4 window bus. Ex Libby MT Fire Department truck. All ori_,1,0,0.46533283035012857,False
Really cannot condemn an entire group based on the actions of a few.. A heart-warming unity against terrorism..,1,0,0.45942551290476774,False
The hatchet-wielding gunman had PEPPER SPRAY AND A FAKE BOMB?!?!?,1,1,0.6534286132534995,True
I presume my timeline will be inundated with 'soggy bottom' & lashings of 'moist' tweets now! :-D,0,0,0.29007122622598724,True
30 seconds for my bitches to evacuate ??????,0,1,0.5768887072034887,False
misfit got bombed,0,0,0.3305886972083306,True
I don't get waves of missing you anymore... They're more like tsunami tides in my eyes,0,0,0.4605636687646055,True
???? #Krefeld: the incident happened in a chemical industry park! Emergency operations underway! A building reportly collapsed!,1,1,0.6639281115612456,True
Zouma just flattened that guy??,0,0,0.20354232312259035,True
Got in a car wreck. The car in front of me didn't put their blinker on :-))) but it really does feel great outside so lol,0,0,0.3091907947510362,True
omfg.... I just woke up again....,0,0,0.26625164817680724,True
If you have a son or a daughter would you like to see them going to a war with Iran and come back in a body bag? Let the #Republicans know,0,0,0.160450454910013,True
last week wanted the 6th sense to get blown up so far so good. James could win but he's a huge target and will be gone soon.,0,0,0.3917209051913783,True
> Bin Laden family plane crashed after 'avoiding microlight and landing too far down runway... #rochdale #heywood,1,1,0.7790481662726592,True
Obliterated my phone screen today with a drum stick. #blessed,0,0,0.28230485509502967,True
Plot In the futurea totalitarian government employs a force known as Firemen to seek out and destroy all literature,0,0,0.4716321701989654,True
Still can't get over the thunderstorm/tornado we were woken up to yesterday. Half the street is still in the dark!,1,1,0.7306902932999737,True
I liked a video from Battlefield Hardline - 11 NEW WEAPONS - New map - Throwingknifes!,0,0,0.2547799007053553,True
anxiety attack ??,0,1,0.7875787022630508,False
fatality ...,0,0,0.35073378074238304,True
Texas Seeks Comment on Rules for Changes to Windstorm Insurer via,0,1,0.53208845315074,False
News Wrap: UN warns female and child casualties are on the rise in Afghanistan #pbs #iraq,1,1,0.6849225359990413,True
selfie at booth or riot Kappa,1,0,0.3893289781170199,False
failure is a misfortunebut regret is a catastrophe,0,0,0.3454319601819001,True
VOLCANO BOWL DRINK,1,0,0.3534251654541076,False
I heard the steven universe theme song from upstairs and screamed his name at the part of the song and scared my cousin,0,0,0.14777793223210361,True
iembot_hfo : At 10:00 AM 2 NNW Hana [Maui Co HI] COUNTY OFFICIAL reports COASTAL FLOOD #_,1,1,0.7179622362677751,True
There might be casualties tomorrow,1,1,0.5477453967747633,True
WACKOES like #MicheleBachman predict the WORLD will SOON be OBLITERATED by a burning firey INFERNO but can't accept #GlobalWarming!! HELLO!!,0,0,0.3806131881403111,True
#health #Newyear The anniversary of the devastation wrought by the first military use of an atomic weapon come...,1,1,0.6824780265019047,True
Any new games coming soon ?,0,0,0.21676332198817186,True
I liked a video TREMOR IS NO JOKE!! [TREMOR DLC] [FATALITIES/X-RAY],1,0,0.3708549264437345,False
A segment of the V/H/S anthology series is getting the feature film treatment:...,0,0,0.45411505021571796,True
thunder is legit,0,0,0.39387152556366556,True
How would I have survived without the mute option on whatsapp!,0,0,0.3074878653904763,True
Did that look broken or bleeding?,0,0,0.32102166969690543,True
Hollywood Movie About Trapped Miners Released in Chile #newsdict #news #Chile,0,0,0.2857192808119768,True
Camping in a war zone with roving raccoons toughens city slicker,0,1,0.6410514727385076,False
#Japan marks 70th anniversary of #Hiroshima atomic bombing (from,1,1,0.9200617218804032,True
What would your city look like if it had been the subject of the #Hiroshima bombing? Hint-devastation. #BeyondtheBomb,1,1,0.8183870722048554,True
Louis Vuitton CultSierre Monogram Shoulder Bag Cross Body Bag,0,0,0.12739562702003074,True
my brain id about to explode lmao,0,0,0.1693532246953455,True
Some drugs and alcohol in Jackson Vroman house.,0,0,0.41259652706015676,True
Baltimore City : I-95 NORTH AT MP 54.8 (FORT MCHENRY TUNNEL BORE 3: Collision: I-95 NORTH AT MP 54.8 (FORT MCHENRY TUNNEL BORE 3 Nort...,1,1,0.6616401790118638,True
I am so sick of criminals parents and friends rioting when they are killed by police. You don't give a Damn when officer is.,1,1,0.8239964292455085,True
Pakistan air ambulance helicopter crash kills nine,1,1,0.8307711500239788,True
17.Beyonce Is my pick for Fan Army #Beyhive,0,0,0.22242296132794045,True
I liked a video Benedict Cumberbatch Gets Video Bombed,0,0,0.2992314238355548,True
Photos: Typhoon Soudelor Has Its Aim Set on Taiwan andChina,1,1,0.787672071661897,True
ok peace I hope I fall off a cliff along with my dignity,1,0,0.30860556222181657,False
If you're gonna take a break at work.... you gotta do it right! #CarlilesCanoeLivery #LoveMyJob,0,0,0.33845847734002377,True
got it last month when I went into the EE shop. Glad it hasn't blown up yet.,0,0,0.36798534386235093,True
Mini Lalaloopsy Dolls Seed Sunburst June Seashore Sweater Snowstorm Autumn Spice - Full re_,0,1,0.5658125557379867,False
Pisces tweets need to get better because most the tweets make me sound like a total emotional catastrophe.,0,0,0.11586576470424358,True
As a kid I remember hearing rules about 30 to 90 days wo a defense and you're stripped. Brock obliterated that,0,0,0.41205789842088714,True
Navy sidelines 3 newest subs,0,0,0.4311060747691891,True
more like coffee and noodles Burned,0,0,0.25208649942225275,True
You are listening to LLEGASTE TU - TWISTER EL REY,0,0,0.2947341796584413,True
Apollo Brown ft. M.O.P- Detonate -,1,0,0.3901706951305358,False
Cop pulls drunk driver to safety SECONDS before his car is hit by train. via,1,1,0.7347217060418878,True
Large sinkhole swallows entire pond in Lowndes County Georgia #YoNews,1,1,0.70861813599675,True
As of the 6-month mark there were a total of 662 fatalities - 114 more than the first half of last year ||,1,1,0.534151014977464,True
Flood Advisory issued August 05 at 7:10PM CDT until August 05 at 8:00PM CDT by NWS: ...THE URBAN AND ... #weather,1,1,0.7528666201210228,True
do texts use data? She was inundated by a group text yesterday.,0,0,0.3777011765878747,True
ah. I was awash with abstract Dustpig tweets then. Explains the deluge.,0,0,0.2282508366903596,True
'The cyclone derives its powers from a calm center. So does a person.' - Norman Vincent Peale,1,0,0.4568071884704853,False
Senator voices concerns over BP oil spill settlement,1,1,0.70320014970106,True
Man Who Buried Dog Alive Thought No One Would Find Her But She Was Rescued Just In Time,0,0,0.2587092028872761,True
Russia destroys food while people go hungry. We're not the only ones with an insane government.,1,1,0.6787939095997295,True
Rite now man a tlk widout nuh curfew long side Aka cum fi steal di show itz a rubbery di whole a dem fi knw... Sound it *music*,0,0,0.19101082695841484,True
Setting Up An Emergency Fund In 3 Easy Steps: You never know when a surprise expense will pop up. So work up t...,0,0,0.2737043308016978,True
A poignant reminder that in war there are many casualties.,1,1,0.8248496373198756,True
For some reason knocking on someone's door at 3am in a snowstorm while wearing footed pajamas is not the best way to get into their bathroom,0,0,0.3525100944722398,True
There are no four truths-of pain of desire that is the origin of pain of the obliteration of that desire of the pain to that obliteration.,0,0,0.33561284030029775,True
Do you feel like you are sinking in low self-image? Take the quiz:,0,0,0.18657920043256696,True
Tomorrow kick off your weekend with drinks & entertainment,0,0,0.23415522463715285,True
Cue storm with massive wind and hail!! Now a power outage in Davidson County.,1,1,0.8585115881428551,True
Islamic State group in Egypt threatens to kill Croat hostage,1,1,0.6150079592894974,True
Alarming Rise in Dead Marine Life Since the #Fukushima Nuclear Disaster:,1,1,0.746919363585223,True
at the lake *sees a dead fish* me: poor little guy i wonder what happened ashley: idk maybe it drowned wtf ????????,0,1,0.5912363654664263,False
Who is bringing the tornadoes and floods. Who is bringing the climate change. God is after America He is plaguing her #FARRAKHAN #QUOTE,1,1,0.5589620331725869,True
the mass murder got her hot and bothered but at heart she was always a traditionalist.,1,1,0.5981474613655111,True
No two cases don't constitute an epidemic. #plague #health #publichealth,1,1,0.5585972027609915,True
Burford. What a catastrophe! Traffic and big lorries. No action as usual from Council.,0,1,0.5810078610545211,False
Still blazing ????,0,0,0.18959284354949735,True
tianta_: Breaking news! Unconfirmed! I just heard a loud bang nearby. in what appears to be a blast of wind from my neighbour's ass.,1,0,0.27914385900053307,False
# handbags Genuine Mulberry Antony Cross Body Messenger Bag Dark Oak Soft Buffalo Leather: 279.00End Date: W...,0,0,0.19948098851314838,True
US drone bombs Islamic State target in Syria after taking off from Turkey: A US armed drone has bombed a targe...,1,1,0.7237560741262247,True
#BBShelli seems pretty sure she's the one that's going to stay! #BB17,0,0,0.20777216953343364,True
Experts in France begin examining airplane debris found on Reunion Island: French air accident experts on Wednesday began examining t...,1,1,0.79316351053741,True
RT A deluge of resources on #floods for medical providers cleanup workers & more at:,1,1,0.5858957973761412,True
Photoshop CS6 Crash Course #course,0,0,0.4975994752932373,True
#TweetLikeItsSeptember11th2001 Those two buildings are on fire,1,1,0.9020186386635443,True
think i'll become a businessman a demolish a community centre and build condos on it but foiled by a troupe of multi-racial breakdancers .,0,0,0.261196071503922,True
Iranian warship points weapon at American helicopter...,1,1,0.684041835887474,True
Checkout all the NURGLE rules & features that snuck in on Khrone's WD!,0,0,0.44082547973791275,True
these money grubbing kikes need to get a clueI have no money but I can still destroy with telekinesis. Watch.,1,0,0.2536566051030055,False
Would a paramedic really do that? Leave someone inside a building that's about to collapse/blow up?,1,1,0.71254003196189,True
The thing with rules is break it once it becomes easier the next time.,0,0,0.3788787591735462,True
Hey Stephen Remember that time you drowned all the yellows Read:,0,0,0.2893822617342194,True
Homeless Man Traveling Across USA With 11 Stray Dogs He Rescued Gets A Helping Hand From Strangers via,0,1,0.6548648571179426,False
$1 million bail for man accused of #shooting at Fife #police - Aug 5 @ 8:16 PM ET,1,1,0.8191593502041054,True
Experts in France begin examining airplane debris found on Reunion Island: French air accident experts on... #MLB,1,1,0.8149903885736355,True
SB57 [NEW] Deepwater Horizon Oil Spill distribution of funds from BP settlement road and bridge projects in Bal...,1,1,0.7288624212626671,True
Sweet Lord. (I collapse as my knees buckle),0,0,0.4943585352346368,True
Choking Hazard Prompts Recall Of Kraft Cheese Singles,1,0,0.2975180294031902,False
Speaking of memorable debates: 60-Second Know-It-All: Ronald Reagan's landslide romp on Election Day in 1980 m...,0,0,0.381684147124201,True
When there's a fire alarm going off in zehrs and we keep working for 20 minutes then decide to evacuate everyone..,1,0,0.4890585917453362,False
I hear the mumbling i hear the cackling i got em scared shook panicking,0,0,0.31447606971321274,True
Wtf Thomas Edison after making the lightbulb used to electrocute animals to make everyone think Teslas power was unsafe???? wank,0,0,0.24600798109374186,True
How Empire Avenue crushed my soul via,0,0,0.21965410490413048,True
Most welcome! Organizing Twitter to find the important stuff amongst the deluge! BTW loving the music and signed up for the EP!,0,0,0.18253535413834834,True
Ppl like unu feast today and famine tomorrow,0,0,0.42754899884218006,True
#tech Data Overload: The Growing Demand for Context and Structure: In a world inundated with information... #news,0,1,0.5531716563309736,False
maybe some muzzies will spontaneously combust! It's like Allah suicide bombing them as payback ????????,1,1,0.8024266587267622,True
Heat wave gotta be over 9000 today,1,1,0.7037625847046413,True
you can keep this please!!!!! Arachys [2 Pieces] - Now deals 4000% weapon damage (up from 2500%),1,0,0.3864947920112343,False
Plane from New York to Kuwait diverts to UK after declaring state of emergency,1,1,0.6779213091017908,True
Storm concludes City of Calgary's Municipal Emergency Plan deactivated,1,1,0.8813735858369913,True
ok ok what if I make the close quarters an abandoned cabin in the woods IN A THUNDERSTORM,1,1,0.5721910446458406,True
Listen to this hit song. A summer Bomb full of positive energy and youth Did you like it? #Norge2040,0,0,0.2606766713167931,True
RT: Our_Mother_Mary: Short Reading Apocalypse 21:1023 In the spirit the angel took me to the top of an enormous high mountain and... _,0,0,0.2793382020659587,True
I'm afraid that the tornado is coming to our area...,1,1,0.7347941115077341,True
3 former executives to be prosecuted in Fukushima nuclear disaster,1,1,0.8147028019361764,True
What would it look like if Hiroshima bomb hit Detroit?: Thursday marks the 70-year anniversary of the United S...,1,1,0.692592572936312,True
Mum's literally just picked up her new car today and flattened the battery already trying to sort out the Bluetooth ???? #Muppet,0,0,0.33809360419704415,True
Does that 'great Iran deal' cover bioterrorism? You got cut off terrible of them. Keep up the good work.,1,0,0.33120679093344946,False
Heat wave warning aa? Ayyo dei. Just when I plan to visit friends after a year.,1,1,0.5984189412049874,True
Slightly diff catastrophe & Barry was running solo but generally the same thing.,0,0,0.31339685670955514,True
Always gotta ruin my mood,0,0,0.194971190935864,True
Former Township fire truck being used in Philippines - Langley Times #filipino,0,1,0.7430743909907125,False
Trauma Team needs to come to the American E-shop.,0,1,0.6116533963055987,False
It said they had superficial wounds and it was the pepper spray that did the most damage.,1,0,0.42689345130239664,False
KATUNews: #SR14 remains closed as brush fire burns 1700 acres: #LiveOnK2,1,1,0.6013518040093745,True
Trains derailment: 'It's the freakiest of freak accidents' - The Indian Express #News #topstories,1,1,0.8224174584419878,True
Save the upset and stress of upheaval and let us help keep #elderly people independent! #companionship #care #Chester,0,0,0.211096479017031,True
Drought fuels bush fires in Jamaica - - RE,1,1,0.9294144304344534,True
Severe T-storm Warning for Union County ~3:45pm. Top threats include heavy rain lightning & damaging winds.,1,1,0.8936439417544808,True
Breakfast links: Work from home: Derailed: An empty train derailed at Smithsonian this morning suspending ser...,1,1,0.802161398274637,True
Hundreds feared drowned as migrant boat capsizes off Libya,1,1,0.7721672553305585,True
I liked a video from Minecraft Skywars - O BLAZE QUE USA HACK E FLECHADAS SINISTRAS!,0,0,0.2692657661580351,True
#Horrible #Accident Man Died In Wings Airplane (29-07-2015) #WatchTheVideo,1,1,0.8126435790316258,True
You call them weekends. I call them Bloody Mary times. This summer's been full of them. My new_,0,0,0.24880446368640835,True
Even when I was a kid haha super late but folks used to bash me for that shit I understand he survived cancer but he still cheated,0,0,0.39935762172485106,True
Now on WSLS: fire burns multiple buildings in #Montgomery Co tips to make childcare less expensive & rain. Join,1,0,0.48501393300544493,False
Earthquake drill ??,1,1,0.6420926069596837,True
<meltdown of proportions commences I manage to calm myself long enough to turn the waters to hot and wait for the steam to cloud my vision-,0,0,0.15986725327517146,True
Storm batters top half of North Island: A violent overnight storm has battered the upper North Island uprootin...,1,1,0.7732732289590576,True
I added a video to a playlist Nicki Minaj - Up In Flames (Official Video),0,0,0.2631118400157923,True
Your brain is particularly vulnerable to trauma at two distinct ages,0,0,0.44821351865502046,True
Next May I'll be free...from school from obligations like family.... Best of all that damn curfew...,1,0,0.15216325525132618,False
The Walking Dead spin off Fear the Walking Dead is on the 23rd ??????,1,0,0.3036698602376293,False
#Turkish couple decided to feed 4000 #Syrian #refugees as part of their #wedding celebrations,0,0,0.4991850589265702,True
Boy saves autistic brother from drowning: A nine-year-old in Maine dove into a pool to save his autistic brother from drowning,1,0,0.31283535838546883,False
Obama Declares Disaster for Typhoon-Devastated Saipan,1,1,0.8313511136782192,True
the fifth pre-dynastic #king in the legendary period before the #Deluge #Dumuzid ''the Shepherd'',0,0,0.282024476819587,True
'The Reagan Administration had arranged for Israeli weapons to be sent to the Guatemalan Army,1,1,0.5736000356320308,True
World War II book LIGHTNING JOE An Autobiography by General J. Lawton Collins,0,0,0.429035131530039,True
Ignition Knock (Detonation) Sensor-Senso Standard KS57,0,0,0.35694550292398697,True
Watching Xela firefighters struggle to save burning buildings last night w/ old equipment makes me so grateful for DCFD,1,1,0.6357986798605513,True
Evacuation order lifted for town of Roosevelt Wash. though residents warned to be ready to leave quickly,1,1,0.7141765330492436,True
I know where to go when the zombies take over!!,0,0,0.26882749367440073,True
Blood Group A +ve is associated with Gastric Carcinoma says text book...Another fragile gene in my body....,0,0,0.21671260670561157,True
niggas selling weed just so they can smoke & stay high. YALL NIGGA IN THE WAY..,0,0,0.24322514214599586,True
Stream HYPE HURRICANE,0,1,0.582312052836308,False
God bless you and your mudslide cake Dorret ????,0,0,0.1741183432769434,True
I want to smoke ??,0,0,0.18052321017430012,True
three episodes left the end is nigh,0,0,0.4451366121106168,True
Who need friends when there's booze and Darude - Sandstorm :D,0,0,0.2572754900574798,True
Something Catastrophic Is Coming: Should We Tune Out?,1,1,0.5299766950447437,True
<< his lip as he sunk into the bed his arms crossed behind his head as he watched his Captain do a number on his body.,0,0,0.1642795085588139,True
Refugio oil spill may have been costlier bigger than projected,1,1,0.8065361834159847,True
Check out this amazing footage of lightning filmed while lifting off from Chicago...,0,0,0.462786033796471,True
The devastation when you smash your phone ??????????????????????????,0,0,0.49606728206010337,True
A better look at what this catastrophic rain and flooding has done to our_,1,1,0.500424641638267,True
Ever since Kelly's burned I keep having dreams about being inside burning buildings ??,0,1,0.5907705985569073,False
Must get hot in burning buildings -loses followers-,1,1,0.5833399978811934,True
Rather violent storm. Possibility of no stream tonight.,1,1,0.6543968728106481,True
Breaking news: Haunting memories drawn by survivors,1,1,0.7960050470981618,True
Rory McIlroy to Test Ankle Injury in Weekend Practice #chinadotcom #sports,0,0,0.2720518350243793,True
11-Year-Old Boy Charged With Manslaughter of Toddler: Report: An 11-year-old boy has been charged with manslaughter over the fatal sh...,1,1,0.6958569743208519,True
Here's Part 2 Of Teamo Supremo Pogo Panic! I Want You Make It Better! OK! :) via,0,0,0.09703199598479532,True
He was only .4 of a second faster than me and I overtook him twice (then crashed) tru luv <3 <3,0,0,0.47889625811622727,True
No kinda in it that shii nasty blood. No pun intended,0,0,0.28494576712314523,True
' Haha jam imeshika hapa garden city mats bumper to bumper with AAR ambulance.we decide to chill via piga siren kijan,0,0,0.4590100256320873,True
Please recover from the Typhoon. ????,1,1,0.6652627168478193,True
Watch Sarah Palin OBLITERATE Planned Parenthood For Targeting Minority Women! BB4SP,1,0,0.3661664182093605,False
then let the bagging body's begin lol ???? I ain't cuffed yet so it shouldn't be that bad!!,0,0,0.14068522988559798,True
Anyone else getting tons of telemarketing calls on their cell phone? I've been deluged!,0,0,0.3759980121218142,True
If you dotish to blight your car go right ahead. Once it's not mine.,0,0,0.30711799253447886,True
'Climate change could be catastrophic -- but it does have some benefits.' Really,0,0,0.4773302244049101,True
VIDEO: 'We're picking up bodies from water': Rescuers are searching for hundreds of migrants in ... #Africa #News,1,1,0.8658256469441137,True
With a sinking music video tv career Brooke Hogan should be THANKING her Dad for the free publicity...although I doubt it will help her.,0,0,0.21764216007121048,True
This Friday!! Palm Beach County #Grindhouse Series one night screening of #TexasChainsawMassacre,0,0,0.4454962928003612,True
tired it' 5:36 am. Woke up to a thunderstorm lightning and rain. How are you?,0,1,0.6013403556223593,False
Hey all you love birds! We have been getting submissions for the Whirlwind Wedding Wars and they are so fantastic! Keep sending them guys!,0,0,0.1712211095787177,True
HAHAH Mutual host preset Bal no nades radar on = demolish,0,0,0.33166160672909323,True
Turning rubble from disasters into 'Lego' bricks you can build houses with. This one belongs in #crazyideascollege,0,1,0.5023536959134112,False
If Shantae doesn't get in Smash I will destroy my Wii U. #ShantaeForSmash #Shantae #ShantaeHalfGenieHero #Nintendo,0,0,0.409658234395157,True
I rated Catastrophe (2015) 8/10 #IMDb - hilarious!,0,0,0.45764678170614775,True
i went to school in a bombed out East End of London3 families to one house no bathroom outside loo & poor so whats yr point,1,1,0.6604727900554542,True
40 displaced by Ocean Township apartment fire #NewYork -,1,1,0.6990925646982087,True
Uh huh. You only have to be burned once to know fire hurts. Robbie Ross should throw home run derby in the All Star Game #RedSox,0,0,0.23555038712536308,True
I had my meltdown yesterday. I'm going to miss you so much. You are forsure my DTB for life. When I get back watchout ??,0,0,0.26136496831230954,True
USW: 'The damage from abandoning the deal could well create a new level of uncertainty...economic upheaval & military unrest',0,0,0.2714206634776721,True
I'm hampered by only liking cross-body bags. I really like Ella Vickers bags: machine washable.,0,0,0.09785590259991589,True
#deai #??? #??? #??? Suicide bomber kills 15 in Saudi security site mosque - Reuters,1,1,0.8679519555631797,True
3. excessive engine failure rate significant maintenance constantly emerging structural defects. Phew that's a lot I say.,0,0,0.3256136684186703,True
Dying of Lyme disease: Case fatality rate nearly 100%,1,0,0.3861594675281899,False
NTSB: Virgin Galactic crash caused by structural failure triggered when brakes unlocked early,1,1,0.7851312072946832,True
Severe Thunderstorm pictures from across the Mid-South,1,1,0.8688185533632699,True
It is not always friendship when kisses show up neither is it always enemity that shows up when wounds show up. #BishopFred,0,0,0.40030334035537873,True
Jays rocking #MLB just bombed one out of Rogers Centre. Play-offs r ahead for The #BlueJays - Bell Moseby and Barfield r back!,0,0,0.412295191325544,True
Whirlwind Head Scissor on ktfounder #RemyMarcel #FroFroFro_,0,0,0.3284841320826717,True
Let's not forget our wounded female veterans.,1,0,0.3218911029857884,False
The shooting or the airplane accident,1,1,0.8501785771097079,True
#TheaterShooting DEFENDANT/MASS MURDERER CHOSE NOT 2 TESTIFY IN FINAL PHASE 3 so he won't therefore B subject 2 cross-exam or jury questions,1,0,0.48649244904543765,False
'Only the sea knows how many are dead' after last disaster in #Mediterranean turned into a massgrave,1,1,0.6256199259697638,True
Apply now to work for Dilawri as #BODY #SHOP/COLLISION CENTRE MANAGER in #Vancouver #jobs,0,0,0.3643650626097005,True
Massive Sinkhole Emerges In Brooklyn,1,1,0.6712091724078365,True
Make man pikin crash ??????,1,1,0.5467326077025805,True
fatal attraction,0,0,0.4464738738756636,True
Hellfire is surrounded by desires so be careful and dont let your desires control you! #Afterlife,0,0,0.19751265401711815,True
the truth. I pulled a 16 out. And apparently a 22 in the crazy adult trauma. And they mocked me for the 22.,0,1,0.5310013364148501,False
The far right racist #AvigdorLiberman calls for destruction of #Susiya ! Previously he also called for beheadings!,1,0,0.4373618501496696,False
Six people were killed Thursday when a Taliban suicide bomber detonated an explosives-rigged truck outside a police compound in eastern,1,1,0.9346270419259186,True
Back in 02 to 03 would never said that 50 would have ended ja like obliteration,0,0,0.3975384974219171,True
Always look for the silver lining! My barn having burned to the ground I can now see the moon. ~ Mizuta...,0,0,0.2918608487330825,True
Had a nightmare and was about to jump out of bed when I remembered my injury alas it was too late and I screamed in my bedroom,0,0,0.34162328365246564,True
Familia: arm injury or head case?,1,0,0.32645521692580065,False
If time heals all wounds how come the belly button stays the same?,0,0,0.2511141156218627,True
[GPV Wind] As of 06JST 6AUG: WNW 06JST 6AUG / E 12JST 6AUG / S 18JST 6AUG.,0,1,0.6946912874235333,False
witnessed my very first demolition derby today psa that my excitement has not worn down and it's been over 3 hours,0,0,0.41727987128882466,True
CNN News August 5 2015 Two trains derailed amid floods ... Video for india august flooding 2015 video youtube?...,1,1,0.9089954074105829,True
1st Quality Insurance Group is #hiring Licensed Property & Casualty Insurance Agent Produc #jobs #Denver,0,0,0.44430228547438255,True
There's a big storm brewing dark clouds thunder and rain carrying thick dust. This could be interesting.,1,1,0.6539746361302853,True
Historic flooding across Asia leaves hundreds dead millions displaced:,1,1,0.7840062647384687,True
Article by Michael Jackman at Metro Times Detroit: The group later downgraded the estimate to 37 square miles of...,0,1,0.664387743877528,False
Route Complex AM Fire Update (Route Complex Wildfire): FIRE UPDATE: ROUTE COMPLEX Thursday Morning Aug... #CAFire,1,1,0.6954193695285421,True
DAD. I won't chase you constantly & all the time but frequently. With a great deal of danger and distraction <3,0,0,0.24857603528337213,True
Three Israeli soldiers wounded in West Bank terrorist attack - Haaretz,1,1,0.8444144040189417,True
Cont'd- #Sinjar: referring to a 40-pg document the group put together on the movt of #Yazidi hostages in the days following #IS massacre [2],1,1,0.7614185350433225,True
Apollo Brown - 'Detonate' f. M.O.P.,0,0,0.3415150146873629,True
Reality Training: Train falls off elevated tracks during windstorm #Paramedic #EMS,1,1,0.7221196307927004,True
Da Judge Gave Dis Girl 5pm Curfew ??????,0,0,0.23972664607264194,True
RT kurtkamka: Beautiful desolation. Just me a couple of coyotes some lizards and the morning sun. #Phoenix #Ariz_,1,0,0.20276185660413676,False
sometimes your cheekiness bleeds through my computer screen and i recoil in fear,0,0,0.23212094929774627,True
click on the tag there's lots of them. RT them to hijack the hashtag,0,0,0.4382714114967947,True
This night just blew up rq,0,0,0.12069183335835192,True
#FETTILOOTCH IS #SLANGLUCCI OPPRESSIONS GREATEST DANGER COMING SOON THE ALBUM,0,0,0.30611186963365555,True
'Motordom' lobbied to change our language around traffic fatalities. We need to go back to the future #VisionZero,0,1,0.5012029668124341,False
first off it is the #ZippoLine as no one wants to use it and the community never asked for this blight on the park #moveit,0,0,0.20841189149349895,True
(?EudryLantiqua?) Hollywood Movie About Trapped Miners Released in Chile: 'The 33' Holly... (?EudryLantiqua?),1,0,0.23175548959037215,False
ok i wasn't completely forthright i may have also been in a food coma bc of the kebab/tahini/pickles i also annihilated w/fries,0,0,0.49348332316544974,True
GREAT PERFORMANCE CHIP FUEL/GAS SAVER CHEVY TAHOE/BLAZER/AVALANCHE/S-10,0,0,0.46465345405120395,True
1st wk of Rainier Diet and my street Seward Park Ave is inundated w/ bypass traffic so what's your plan?,0,1,0.5773069937746137,False
Governor Allows Parole for School Bus Hijacker via I remember this crime sent chills through parents,1,1,0.5368553908108191,True
SEISMIC AUDIO SA-15T SA15T Padded Black Speaker COVERS (2) - Qty of 1 = 1 Pair!,0,0,0.3694806006937111,True
I hand you a glass of water and sit down. 'I was rescued by a Tenno. I've lived in my ship around the dojo for about a year...',0,0,0.40798658829124135,True
Heart disease prevention: What about secondhand smoke?,0,0,0.4268581495549752,True
Hello! I'm looking for mod Cold Ice. I saw it on your site but link to download dead. Maybe you have it and share with me? Thanks.,0,0,0.3188850162384045,True
Three beached whales rescued in Kerry -,1,1,0.543956936347985,True
Drown by Bring Me the Horizon (at Information Resources Centre (UTP)),0,0,0.4064611356957459,True
flattened frog?,0,0,0.27902129393818814,True
it's don't panic,0,0,0.18529004260016432,True
Katherine's death,0,0,0.47071371777846577,True
Central Mass. fruit trees escape heavy damage after wind hail,1,1,0.8044554176522181,True
DW was on his way to a better career than Chipper and that wasn't derailed until 2014. Shame.,0,0,0.3628297596706065,True
Buddha was 'man for his time' - massive urbanisation and social upheaval also challenged Brahmans dominance ('Genius of the Ancient World').,0,0,0.24166652866983898,True
I'm traumatised,0,0,0.16402869290044936,True
#askH3cz i'm jealous now. Bc i wanted a elgato hd for my bday so i can record videos but i didnt have the money for it.,0,0,0.4261998036640223,True
Deals : #37592 Temporary Fake Tooth Teeth Replacement Kit Emergency Dental Oral Care Cosme_,0,0,0.46988760921767586,True
Share Large sinkhole swallows entire pond in Lowndes County Georgia A large_ #YoNews,1,1,0.6816609880056661,True
Remembering Mordechai Yehuda Friedman 24 of Ramat Beit Shemesh; murdered by Hamas terrorists in the suicide bombing of Egged bus No. 361,1,1,0.8023350629454534,True
Lyf needs quality and a certain sense of security. Being with a person you can't trust can only cause stress and emotional upheaval.,0,0,0.3255038955448167,True
'The Big Ten has their annual football media day but before we get into that here's some Cyclone hoops recruiting nuggets',1,0,0.41022852226024337,False
Some Evansville residents told to limit water usage due to sinkhole construction: Some Evansville residents have_,1,1,0.6670987813182762,True
def louis is tired plus the meltdown of fans when he confirmed he's a dad but some fans are reaching making conclusions and stuff,0,0,0.38934503667549575,True
Carolina accident: Motorcyclist Dies in I-540 Crash With Car That Crossed Median: A motorcycle rider traveling...,1,1,0.8389919086271043,True
Landslide caused by severe rainstorm kills 3 in ItalianAlps,1,1,0.8289283174630949,True
I'll drown you in the river walk,0,0,0.3625259550134461,True
MH370: debris found on reunion island. ?? #sad #tragedy #innocent #crash #mh370,1,1,0.9149864721861202,True
Coming atcha from Boston. Had golfball sized hail yesterday sunny amazing skies today! #ParkChat,0,1,0.5687345049295507,False
this message will self detonate in 5 4 3 2...,0,0,0.35679983978699775,True
_? New Ladies Shoulder Tote #Handbag Faux Leather Hobo Purse Cross Body Bag #Womens,0,0,0.1320307229774764,True
This the same dude that obliterated meek mill. Dont judge a book by its cover.,0,0,0.18557565013979346,True
'Invading Iraq was a catastrophic mistake'. Diplomacy needs to replace constant threat of war by US and Israel:,1,1,0.6338834097933455,True
Mass murderer Che Guevara greeting a woman in North Korea,1,1,0.6615350900930762,True
Twin Storms Blow Through Calgary ~ 1,1,1,0.7240265548938379,True
Got it winning by a landslide those the perfect words cause I got it out the mud.....,0,0,0.3175273157663767,True
Colorado movie massacre trial jurors reach verdict on mitigating factors,1,1,0.6267161239151364,True
OMGGGG IM SCREAMING,0,0,0.3076830828178118,True
I'm drowning in spirits to wash you out,0,0,0.3942346198947978,True
Vote for #Directioners vs #Queens in the 5th round of the #FanArmyFaceOff,0,0,0.3008920226502483,True
Doing Giveaway Music Kit Dren Death's Head Demolition:,0,0,0.2521588958172849,True
New warning for Central Hills 1' hail 60 mph winds. NOT affecting Sturgis but could later tonight. #KOTAWeather,1,1,0.6467111801438399,True
Well that was a journey to get home! A train collided with cows on the track! ????,1,1,0.7687472292883335,True
obviously I'm aware that not all AS are from countries we have bombed but a lot are fleeing conflict,1,1,0.5402009718837565,True
Wrecked emotions.,0,0,0.20183835764252533,True
(OFFICIAL VID) > #DoubleCups >> >> Prod >> #ARMAGEDDON .,0,0,0.24498485961075697,True
i screamed after hitting tweet,0,0,0.2957923957860512,True
The insides of the explosion box.. Get it customized the way you want! #dcubecrafts #greetingcards_,0,0,0.4541816235201056,True
In Photos: The Young Refugees Forced to Flee Burundi's Violence | VICE News see more,1,1,0.6800729432367295,True
My mic and controllers aren't working one second,0,0,0.2434896254253882,True
My biggest fear is disappointing the people who believe in me,0,0,0.2729607532121398,True
ANNIHILATED IN DAMASCUS: SYRIAN ARMY GRINDS ALLOOSH AND HIS GANG INTO THE MANURE PILE,1,0,0.3889794632965984,False
What a goooooooaaaaaal!!!!!!,0,0,0.4372299229982417,True
CLEARED: Crash in Hamilton on I-75 south at MM 459.,1,1,0.7155368683268795,True
#Saudi Arabia: #Abha: Fatalities reported following suicide bombing at mosque; avoid area,1,1,0.937711200706529,True
Don't blink ?? won't see the Lightning take the W ??,1,0,0.35088385596996235,False
#SCSeEstaPreparando Light mag. 4.4 earthquake - - 73km SW of Khuzdar Pakistan on Wednes... via,1,1,0.7914611751283498,True
burning down buildings what you mean like when you burnt down those black churches?,1,1,0.6347403878548064,True
RelaxInPR: miprv: RT latimes: Arson suspect linked to 30 fires caught in Northern California,1,1,0.8742357077054487,True
Stuart Broad Takes Eight Before Joe Root Runs Riot Against Aussies: Stuart Broad took career-best figures of 8...,0,0,0.21893809085263752,True
#Australia #News ; #Japan marks 70th anniversary of #Hiroshima atomic bombing READ MORE;,1,1,0.9148632750641356,True
Hiroshima bombing justified: Majority Americans even today - Hindustan Times,1,1,0.8694720850135768,True
'Suicide bombing at [location named]...' #premonitions,1,1,0.7874186491512026,True
she said a few months. But I get a curfew for out time smfh,0,0,0.21921489043748002,True
Forest fires could delay but officials say it could be a good thing,1,1,0.8087466442392298,True
Like GG was BAD in the end... But at least I cared a little when GG was Dan. Cause it was a twister. I don't know Wilden IDC,0,0,0.2506493837503305,True
Wild fires in California... Must be Global Warming. Can't just be extreme heat combined with dry foliage ignited by some douchebag hiker.,1,1,0.8852930474737083,True
Instead of dumping water on yourselves please send it to British Columbia to help with the forest fires,1,1,0.8015125342791182,True
From Devastation to Elation Getting Back on My Feet Helping Those Willing To Help Themselves,0,1,0.5587652036628425,False
Passengers evacuated & lanes blocked off as power lines come down over a Gold Coast tram,1,1,0.7445631697070467,True
TRUCK ABLAZE : R21. VOORTREKKER AVE. OUTSIDE OR TAMBO INTL. CARGO SECTION.,1,1,0.5309999864267956,True
95-03 BMW 528 530 540 740 Emergency Warning Hazard Switch Button OEM 20177-707D,0,1,0.533524094343455,False
...American casualties including 400000800000 fatalities and five to ten million Japanese fatalities.',1,1,0.8021651298852628,True
put this in Detroit niggas gone be acting out?? tryna fuck n drown mfs????????loose they buffs in the water??,0,0,0.3803415437651766,True
I JUST SCREAMED IN 57 LANGUAGES THIS IS SO GOOD,0,0,0.2285106138638485,True
Flood Advisory issued August 05 at 4:28PM EDT by NWS #WxKY,1,1,0.7381741499893277,True
IDEK HOW IS THERE PEOPLE WHO ACTUALLY THINK HE'S A TERRORIST,0,1,0.5589835981285783,False
Jacksonville Fire & Rescue Engine 58 - AWESOME TRUCK! - OFFICIAL JADE FL... via,1,0,0.3934345004619048,False
Police kill gunman at Nashville movie theatre - Times of India: Times of India Police kill_,1,1,0.8062927454716043,True
Photoset: hakogaku: ?I am a kurd. i was born on a battlefield. raised on a battlefield. gunfire sirens...,1,0,0.40418437311279415,False
Jacksonville Busines FedEx stops shipping potential bioterror pathogens,1,0,0.49299487727371427,False
On #ThisDayInHistory in 1862 Confederate ship blown up by crew. Read More via,1,0,0.27688715454973784,False
Oil prices falling but drivers could reap benefits,0,0,0.45488901602766024,True
like shedid on 9/11 4the public facts I am not a journalist the Bush's washard on stopping more than just terrorist,1,0,0.48434544694218234,False
To fight bioterrorism sir.,1,1,0.5491390919069751,True
Grace: here are damage levels USA style.. #Taiwan #China #world hurricane/typhoon ratings/categories defined again,1,1,0.7831329991850933,True
Ancient Mayan Tablet with Hieroglyphics Honors Lowly King: A 1600-year-old Mayan stone tablet describing the ...,0,0,0.25704201205034455,True
The injuries are starting!!! Please stay healthy!!! ????????????,0,0,0.32717293580217455,True
On holiday to relax sunbathe and drink ... Putting out bush fires? Not so much ?? #spain,0,1,0.6151368609822639,False
Battlefield 4 Funny Moments - Dukes of Hazard Undercover Soldier MAV T... via,0,0,0.3206118892259763,True
I can't stop,0,0,0.4264849675971298,True
Hear talk on how to avoid thousands of resistant infections/deaths in next 5 yrs: #AdiosSuperBacterias,0,1,0.6591897140454622,False
He also told you....No-one has drowned in the last 2 years & 1200 had under Labor. But let's not mention that..,0,0,0.37311082362017123,True
Check out 'Malaysia Confirms Plane Wreckage Is From Flight MH370' at,1,1,0.8296185874682785,True
Ignition Knock (Detonation) Sensor-Senso Standard KS100,0,0,0.35694550292398697,True
Japan had a nuke program (albeit unsuccessful) and the casualty estimates for a ground war were in the tens of millions.,1,1,0.820368688330799,True
Rene Ablaze & Jacinta - Secret 2k13 (Fallen Skies Edit) - Mar 30 2013,0,0,0.4591722333109703,True
The '1pack 2pack 3pack' line is on fleek if Stretcher is fire.,0,0,0.34168768031037444,True
#Islamic #state issue a new holiday #brochure lovely swimming pool for drowning in shooting range and the downside it costs a #bomb,0,0,0.4133564284437312,True
NHS England announces new plan to meet emergency care targets,0,0,0.32819361937699354,True
Alaskas Prince of Wales #ArchipelagoWolves are nearing #Extinction. Demand emergency protection! #StandForWolves,1,1,0.5108161776872221,True
Cascada - Evacuate The Dancefloor (Official Video) via,0,0,0.4480573475579001,True
Man my stomach feel like a tsunami ??.,0,0,0.3439081765335545,True
Please keep Josh the Salyers/Blair/Hall families & Jenna's friends in your prayers. She was taken far too soon. RIP,0,0,0.45910112577568796,True
Police Officer Wounded Suspect Dead After Exchanging Shots -,1,1,0.8163791178520785,True
ISIS claims responsibility for Saudi mosque suicide bombing,1,1,0.8898378696882856,True
#BREAKING: there was a deadly motorcycle car accident that happened to #Hagerstown today. I'll have more details at 5 #WHAG,1,1,0.6914390483005693,True
Well said Sir. My cousin was a POW. Brutally treated. Survived but never talked about it. The bombing was justified,1,1,0.5142363757241492,True
Jupiter's Great Red Spot is a violent storm larger than the entire Earth.,0,1,0.5042200732749066,False
Nashville Theater Attack: Will Gun Grabbers Now Demand Hatchet Control?,1,1,0.7752907069959275,True
so be it. You can't tell an oppressed group of people how to react to trauma. That would be stupid and ignorant.,0,1,0.6018654312653108,False
We're #hiring! Read about our latest #job opening here: Registered Nurse - Call-in - Military Program - #Nursing,0,0,0.2868819449114145,True
you know you hate your body when you buy 2 bags of chips and a variety pack of fruit snacks and a redbull as a snack,0,0,0.13500090886199873,True
6.Beyonce Is my pick for Fan Army #Beyhive,0,0,0.20426153275346218,True
Mr. T stopped wearing gold chains in 2005 because he thought it would be an insult to the people who lost everything after Hurricane Katrina,0,1,0.6035811787868264,False
Police walk up on me I be blowin smoke in dey face wanna lock me up cus I got dope shit is gay,0,0,0.39738613119180205,True
Typhoon Soudelor taking dead aim at Taiwan,1,1,0.8034639439304672,True
New Ladies Shoulder Tote Handbag Faux Leather Hobo Purse Cross Body Bag Womens - Full read_,0,0,0.13066389092795033,True
just hard reset my Xbox,0,0,0.29247390557292663,True
Save your riches in heaven where they will never decrease because no thief can gets them and no moth can destroy them. ??,0,0,0.2825299783143919,True
cork city in Ireland...we got to 17 degrees today...that is a heat wave for us haha,1,1,0.6436623044077399,True
Worked at a fast food joint. Poured burnt hot oil down the sink. It hit the water in the trap and exploded. #WORSTSUMMERJOB,0,0,0.4983148616645256,True
RT Likened to THE 39 STEPS and The GOOD SHEPHERD by the FILM producer THE DESOLATE GARDEN on ALL here,0,0,0.31136064479221043,True
Check out what's in my parking lot!! He said that until last year it was an ambulance in St Johns.,0,0,0.3362754156739746,True
California cops have sketch of gunman who killed one wounded two deputies via the app,1,1,0.8622492428161184,True
Secrets of the world collide but i leave the past behind It's been so long now and I can't go without,0,0,0.3011463932079622,True
Panic! at the Disco is the best song by this is gospel (acoustic),0,0,0.08966175693173335,True
I'm so high moe I'm bouta crush this Friday's,0,0,0.3477520779052298,True
Also my iPhone charger is broken and I just electrocuted myself.,0,0,0.4120865277860443,True
Uribe just annihilated that baseball. #Mets,0,0,0.31162624760902263,True
SIGALERT UPDATE #3***N-133 CLOSED AT 5 FWY UFN***- TRASH TRUCK FIRE,1,1,0.7533646898702235,True
Drunk twister is so hard ????,0,0,0.3602320507717585,True
Funds Needed for Rescued then Abandoned Cocker Spaniels,0,1,0.6661365265134609,False
TWISTER DANCE Game Dance Console Instructions Cable 5 Pre Loaded Songs,0,0,0.29588930401519375,True
'Show Me a Hero': TV Review,0,0,0.43250582442496355,True
#Tigers Wonder how much the upheaval with team is affecting different players tonight?,0,0,0.3360146501521216,True
This is a tragedy: I added the wrong book to my TBR list now I can't find the right one. This is what comes of browsing just on gr homepage.,0,0,0.12784491932612432,True
??One night and we're gonna come and crash the party Weren't invited but we're feelin' so_,0,0,0.43116257566976984,True
worry about yourself,0,1,0.5256825966517538,False
Officials: Alabama home quarantined over possible ...,1,1,0.8010231279176752,True
The Drowning Girl by Caitlin R. Kiernan Centipede Press Signed numbered Limited - Full re_,0,0,0.3845000573541704,True
Creation of AI Climate change Bioterrorism Mass automation of workforce Contact with other life Wealth inequality Yea we've got it easy,0,0,0.48445025832250976,True
Read: American lives first | The Chronicle #FreeAmirNow #FreeALLFour #Hostages held by #Iran #IranDeal,1,1,0.7048495481109536,True
probably being inundated with this question now but who's coming to creamfields??? (please say all 3) #Mainstage,0,0,0.2936771096974166,True
LOOOOOOOOOOOOL who the bloody hell did that??,0,0,0.20705487596331393,True
Short Reading Apocalypse 21:1023 In the spirit the angel took me to the top of an enormous high mountain and...,1,0,0.2774811832851549,False
every time I have a really good day someone just has to ruin it,0,0,0.05920442613140573,True
Scene of the derailment.. CTA Green Line at 63rd/Prairie,1,1,0.8102761985030406,True
A train isn't made to withstand collisions! Immediate derailment. It's totally fucked.,1,1,0.7870968202289516,True
#OVOFest Drake straight body bagging Meek on that OVO stage. #ZIPHIMUP!,0,0,0.2292502769488389,True
Storm in RI worse than last hurricane. My city&3others hardest hit. My yard looks like it was bombed. Around 20000K still without power,1,1,0.7979434197659266,True
I'm liable to sound like a wounded animal during sex if the ?? is good lol,0,0,0.18599731891295077,True
When high fashion and food collide: Gucci has chosen one of Shanghais most popular commercial avenue... #fashion,0,0,0.32972900703481106,True
she won't harm you,0,0,0.16411758920233896,True
Torrecilla We Always info the Secret on LoL Game Check the Secret to get 600.000 Riot Points on my Bio,0,0,0.3481704401375111,True
China's Stock Market Crash: Are There Gems In The Rubble? #ROIMentor #yycwalks,1,0,0.36541409851029777,False
It was past curfew and we were at the Grove,0,0,0.401787344501156,True
US Energy Department Offers $40Mln for New Nuclear Reactor Designs / Sputnik International,0,0,0.31725330459917084,True
I've still got some of the snowstorm/hailstorm!,1,1,0.5869884437248933,True
Study: Wider Variety of Therapies Could Help Vets Troops With PTSD | via,0,1,0.5681264763323022,False
#usNWSgov Severe Weather Statement issued August 05 at 10:38PM EDT by NWS: ...THE SEVERE THUNDERSTORM WARNING ...,1,1,0.8815146533300204,True
he was ;-; like he was singing so loud ;-;,0,0,0.29029227066765056,True
+ Nicole Fletcher one of a victim of crashed airplane few times ago. The accident left a little bit trauma for her. Although she's +,1,1,0.7766193322266354,True
CONFIRMED: Sanchez Hazard and Bolasie will be out for the rest of the season.,1,0,0.47018185318117284,False
That sounds about right. Our building will have a thunderstorm inside one day when the air masses collide.,0,0,0.4778162202415711,True
This why BSF Jawans died Fidayeen has AKs and they bloody #INSAS! INSAS rifles not to blame for soldiers' deaths MoD,1,1,0.5943716252654019,True
Currency transgress before payday-prison ward sinking-fund payment unsecured loan: jBUmZQpK,0,0,0.3486088561843941,True
Fears over missing migrants in Med: Rescuers search for survivors after a boat carrying as many as 600 migrants_,1,1,0.842389815048364,True
as in dropping the No-Sports show? I don't think SI Top25 would have derailed that.,0,0,0.4916725729559074,True
'If you go on with this nuclear arms race all you are going to do is make the rubble bounce.' ? Winston Churchill,0,0,0.3935807573319442,True
Greed is the fuel of self-destruction. #Takecare,0,0,0.2560168729834639,True
Black Eye 9: A space battle occurred at Star O784 involving 2 fleets totaling 3934 ships with 7 destroyed,0,0,0.250059246764831,True
TOR for a TOR situation only. Wind damage enhanced wording is key IMO,1,1,0.7594394413786939,True
#veterans VET Act would ensure every military veteran's access to highest level of emergency care services: Proper treatmen... #followme,0,1,0.5624747745507103,False
Holy moly that was crushed.,1,0,0.23605627300796905,False
The 2 cars right in front of me collided and If I hadnt stopped in time it would've been me too. #ButGod ????,1,0,0.41063282878978913,False
FUCKING LIVE HERE IM SURPRISED IVE SURVIVED THIS LONG,0,0,0.16606535382027984,True
Father-of-three Lost Control of Car After Overtaking and Collided #BathAndNorthEastSomerset,1,1,0.5682560579305335,True
In the beginning of summer my mom made my curfew 1 now it's back to 12 and I can never go out and she wonders why I'm always at home,0,0,0.2780559393851095,True
Suspect in latest US theatre attack had psychological issues,1,1,0.8089086434878607,True
A new favorite: Midfield General Disco Sirens House Edm Version Soni Soner by on #SoundCloud,0,0,0.1793054853552688,True
RT skanndTyagi WIRED : Reddit will now quarantine offensive content ( _,0,0,0.1554110660928034,True
Lily Xo is a sexy cowgirl out in the sticks View and download video,0,0,0.32450812306727445,True
car wreck ??,1,1,0.6111928387152924,True
New RAN report from the frontlines of human rights abuses and forest destruction for fashion.:,1,0,0.3771595352782705,False
people with a #tattoo out there.. Are u allowed to donate blood and receive blood as well or not?,1,0,0.34019570108899333,False
RT alisonannyoung: EXCLUSIVE: FedEx no longer to transport research specimens of bioterror pathogens in wake of anthrax lab mishaps _,0,1,0.7044831225509245,False
Public Hearing on 2015-16 budget Thurs 8/6 at 3:15 Emergency Services Ctr Goshen.,0,1,0.6739602238260274,False
Video: Fire burns two apartment buildings and blows up car in Manchester,1,1,0.7820451140417196,True
We happily support mydrought a project bringing awareness to the LA drought. Track your water_,1,1,0.6196955615332809,True
Does homeowners insurance cover water damage? Here are some good things to know.,1,0,0.3107039026615068,False
The worst voice I can ever hear is the 'Nikki your in trouble' voice from my mom,0,0,0.2686292646664901,True
UNPREDICTABLE DISCONNECTED AND SOCIAL CASUALTY ARE MY FAVORITES HOW DO PEOPLE NOT LIKE THEM,1,0,0.3420092719278686,False
Thunder and lightning possible in the Pinpoint Foothill Forecast.,1,1,0.6138389924690157,True
yo forreal we need to have like an emergency action plan incase donald trump becomes president Whipe that lil baby,1,0,0.25906474728531725,False
Morgan Silver Dollar 1921 P CH Gem Bu PL Blazing MS++++++ Satin Rare Proof Like! - Full re_,0,0,0.3734110915230709,True
I liked a video Marvel VS DC (Avengers Battle!),0,0,0.16154459053198308,True
He still has his beard - has he been visited by any1 while in prison? If he keeps that hideous beard electrocute him! #UglyPeople,1,0,0.2612056366662328,False
Still rioting in a couple of hours left until I have to be up for class.,1,1,0.6093589527092479,True
we was all just laughing and talking junk now everyone in panic mode,0,0,0.1417913818539121,True
New illustration for the L.A. Times: #illustration #subway,0,0,0.3125580165946941,True
People who try to j-walk while an ambulance is passing... I hate you.,0,0,0.39369283488673973,True
Cancers equate for around 25% of all deaths in #Blackpool. Kowing the signs could save your life: #BeClearOnCancer,1,1,0.5450027491852469,True
Heather Night and Ava Sparxxx enjoy a wild teen threesome View and download video,0,0,0.3258157774741923,True
I'm going to ram your ass so hard I'll have to shove your face on the pillows to muffle your screams of pain and pleasure~,0,0,0.16782435475535334,True
WFP - WFP Delivers Food To 165000 Bangladesh Flood Victims After Tropical Cyclone Komen: DHAKA The United Na...,1,1,0.6841873280553579,True
Today is Corii Siren's birthday! Spoil her now: #wishlist,0,0,0.37218374640997515,True
UX fail of EMV - people want to insert and remove quickly like a gas pump stripe reader. 1 person told me it crashed the POS,1,0,0.3036953238418109,False
The Riddler would be the best early-exit primary presidential wannabe ever all certain of his chances until he gets wrecked by a rich guy,0,0,0.2751362377884495,True
The real question is why is the tornado siren going off in Dyersburg?,1,0,0.4139556257240947,False
u better learn derivative of formula seismic rather than thinking about things like that or you are a things like that? Haha,0,0,0.13936833603326176,True
(AR) Severe Thunderstorm Warning issued August 05 at 9:12PM CDT until August 05 at 9:45PM CDT by NWS #arwx,1,1,0.8310788585875704,True
0-day bug in fully patched OS X comes under active exploit to bypass password ... - Ars Technica,0,0,0.3749030814883503,True
the best thing at DQ is the cotton candy blizzard ??????????????????????????????????????????????????,0,0,0.20587994893054873,True
Still rioting in to Gmail...,0,1,0.8122492130695511,False
RT **Desolation Run** #FREE till 8/7! #Military #Thriller #Suspense #Kindle #amreading,0,0,0.2945427890506685,True
'who then were annihilated by the legion itself. The survivors of the imperfect hybrid project quickly formed a new secret cell,0,0,0.31910043356001205,True
Articles In Saudi Press Reject Russian Initiative For Regional Alliance With Assad Regime To Fight Terrorism,0,1,0.6623510201439882,False
post a pic of your wounds please,0,0,0.3725948643119895,True
Don't let a few assholes ruin your night,0,0,0.10254590078938218,True
25 killed as Kamayani Express Janata Express derail in Madhya Pradesh; ex gratia announced,1,1,0.6611071208101992,True
#science Now that a piece of wreckage from flight MH370 has been confirmed on R:copyright:union Island is it possible t...,1,1,0.875195001614803,True
Temptation always leads to destruction,0,0,0.32357348442758566,True
Newberg upheaval: Jacque Betz responds 'looking forward to the day' she can answer questions #orcot #orpol,0,0,0.2007456213513379,True
then don't,0,0,0.34050103792318165,True
Hijacker cops back in the dock -,1,1,0.524162472319477,True
Raffi_RC: RT SustainOurEarth: Oklahoma Acts to Limit Earthquake Risk at Oil and Gas Wells | scoopit Loving all thi_,1,1,0.6504784570622439,True
Reddit Will Now Quarantine Offensive_ #onlinecommunities #reddit #amageddon #freespeech,0,0,0.32182706010183243,True
#PFT Barkevious Mingo missed Browns practice with a mystery injury,0,0,0.3174412463927805,True
At least you were sincere ??,1,0,0.4372299229982417,False
Treasures revealed as California drought drains lakes,1,1,0.9494574432690444,True
Look at them' Co happy bn too long' Oh finally Jennifer Aniston got married??????... I'm so happy for her ??????'',0,0,0.11713715576198258,True
Learning from the Legacy of a Catastrophic Eruption via,1,1,0.683701230325165,True
Toddler Bedding Firetruck Bundle Fire Truck Firefighter Sticker Decals Sign Wall,0,1,0.6019518898337621,False
Everyday is a near death fatality for me on the road. Thank god is on my side.??,0,0,0.48731184714555287,True
#News: 'Many deaths' in shipwreck: Rescuers are trying to save hundreds of migrants after the... via,1,1,0.8243948432964355,True
go to sleep before someone screams at us??????,0,0,0.32217370710663845,True
Tennessee lesbian couple faked hate crime and destroyed own home with arson_ #Lesbian,1,1,0.5273774590813023,True
We would become the mirrors that reflected each other's most private wounds and desires.,0,0,0.31935373536034894,True
Some of the aftershocks can be just as big as the initial earthquake.~,1,1,0.5255533976332918,True
? This Weekend: Stockholm Sweden - Aug 8 at Copperfields,1,0,0.44848522848190153,False
#mufc they've built so much hype around new acquisitions but I doubt they will set the EPL ablaze this season.,0,0,0.25659241230754126,True
Flooding kills 166 displace over one million in Pakistan At least 166 people have been killed and nearly 11 lakh_,1,1,0.840245885408863,True
This cop seriously just turned on their siren to get through traffic and turned it right back off like wtf,0,0,0.3918208652025742,True
Learn How I Gained Access To The Secrets Of The Top Earners & Used Them To Explode My Home Business Here: Please #RT,0,0,0.3468150260021302,True
My parents are so impulsive sometimes. I remember coming home to my room filled with dust & rubble just because they wanted it redesigned. ??,0,1,0.5407824794980065,False
Yet Brits are panicking about the UK,0,0,0.3550401086215782,True
#Kisii Police in Kisii hunt for students over failed arson plot: Police in Kisii hunt for students... #CountyNews,1,1,0.6065480678729327,True
Have you ever remembered an old song something you haven't heared for years? words that carry floods of memories all along. #priceless,0,1,0.508535839040477,False
Punjab government flood relief platform: realtime information on inundation damages rescue efforts & travel alerts,1,1,0.5448704149539207,True
I burned myself today on the oven ?? it was at 500 degrees ??,0,0,0.47293332067605803,True
I came up with an idea of a fragrance concept for a bath bomb called The Blood of my Enemies. So you can say that's what you bathe in.,1,0,0.4612373280771895,False
Shoot shit up till we see body bags,0,0,0.1818690557283276,True
it scares me that there's new versions of nuclear attack warnings like just knowing that governments still prepare for them,1,0,0.47016424398444073,False
'A simple meltdown!' Areva have you ever seen an out of control kid?,0,0,0.36905140703230627,True
Good luck to the ?????? tomorrow night Get some coefficient points plz,0,0,0.28377832465866476,True
FAAN orders evacuation of abandoned aircraft at MMA: FAAN noted that the action had become necessary due to re...,1,1,0.7051382267081493,True
I agree with background checks. I just think guns or weapons in general are the great equalizer.,0,0,0.2762376823063766,True
Residents in the central part of Ocean City heard from engineers about flood mitigation options Tuesday #OCNJ...,1,1,0.7785389068820475,True
grande twister!!!,0,0,0.29090483613313456,True
South Side factory where worker electrocuted pays $17000 penalty #Columbus -,1,1,0.6156462534667819,True
Keeps askin me what this means Not like i got the answers Plus if i say the wrong thing This might just turn into a disaster,1,0,0.21359364795727917,False
white ppl bruise easily.. where ur bullet wounds at ??,0,0,0.31374317206072566,True
ball has no curfew,0,0,0.14761176287016528,True
I... I might buy my esoteric weapon for astrologian...,0,0,0.2469894699609446,True
There has not been 1 real tear out of #Shelli 's eyes this entire episode. #bb17,0,0,0.22662360716525076,True
Firefigthers Evacuate from Northampton Township House Fire,1,1,0.6405369304379303,True
You May Know Me from Such Roles as Terrorist #4,0,1,0.5301072439841672,False
all hail the Cloud,0,0,0.4713666679879828,True
Estimated damage and fatalities of an Hiroshima-sized atomic bomb dropped on your hometown - #Hiroshima70,1,1,0.9134696311491786,True
Hasn't quite sunk in that I saw Johnny Marr and Primal Scream all in the space of a few hours on Sunday,0,0,0.37513715441539475,True
Beautiful disaster // Jon McLaughlin is such a good song,0,0,0.2112457675553759,True
ABC News: Police Officer Wounded Suspect Dead After Exchanging Shots. More #news -,1,1,0.8710537402554206,True
Why thank you there missy ?? thought it suited the blazing hot summertime ?? yee-haw! ??,0,0,0.17987111022374783,True
US Navy Sidelines 3 Newest #Subs,0,0,0.4311060747691891,True
Learning from the most destructive volcanic event in U.S. history thirty-five years later:,1,1,0.7715246362750939,True
That was crushed holy shit,0,0,0.2872225821118988,True
Snowstorm planned outside #Rome's St Mary Major tonight - annual occasion artificial snow remembering summer snow in 358 AD on same spot.,0,1,0.6301724458595007,False
#Sismo DETECTADO #Jap_n 06:32:43 Miyagi Estimated seismic intensity 0 JST #??,1,1,0.5760473657669347,True
#LatestNews: Tension In Bayelsa As Patience Jonathan Plans To Hijack APC PDP,1,1,0.7318482884899302,True
...//..// whao.. Pic of 16yr old PKK suicide bomber who detonated bomb in Turkey Army trench released,1,1,0.8784224472068755,True
I should probably stay away from hot glue guns.. I burned one finger pretty bad,0,0,0.20049262333071136,True
Holmgren describing 96 World Cup: we were Lou's hostages.,0,1,0.6045924708455355,False
The best thing about this is it drowned out the call from the guy angry cause he hadn't gotten a tracking number...,0,0,0.278641027779311,True
Malaysian Officials Say Debris Found on Reunion Island Is From #MH370. reports:,1,1,0.8838743232572556,True
I can't listen to Darude Sandstorm without expecting airhorns now,0,0,0.40677999902650086,True
day 3 without my phone and due to my slow shite computers it is utter hellfire :'( Plez send help,0,0,0.3480759215300998,True
Can you save Can you save my Can you save my heavydirtysoul?,0,0,0.3339185180393317,True
and I s2g if my mentions get blown up over MY choice I will deactivate and leave for good. RESPECT MY CHOICES.,0,0,0.32529366561412776,True
?? hey Esh,0,0,0.2993871885064814,True
Ended today's staff meeting with the teacher version of 'I Will Survive' #tootrue,0,0,0.4458418499082352,True
Back from Seattle Tacoma and Portland. Whirlwind!,1,1,0.5467937530514893,True
RT When you dont know how to do fatalities in Mortal Kombat,0,0,0.26763843583869973,True
As I catch the last few minutes. Finally Monwabisi gets shot lol. Hlongwane was ryt. The twins r gonna destroy each other #AshesToAshes,0,0,0.3463357470196709,True
I BET YOU DIDNT KNOW I KICK BOX TOO!,0,0,0.3190828718336092,True
Gunshot wound #9 is in the bicep. The only one of the ten wounds that is not in the chest/torso area. #KerrickTrial #JonathanFerrell,1,1,0.5411465692491103,True
Ashes 2015: Australia totally collapse and the internet absolutely loves it,0,1,0.6159329556740429,False
Nothing wrong with that. The Lethal Weapon series is great. Yes they're ALL great.,0,0,0.21044510843655667,True
The Latest: #Wildfire destroys more homes but crews advance - WQOW TV News 18,1,1,0.9129250367856085,True
Truck fire clogs canyon road,1,1,0.6652894444763207,True
GREAT CONDITION Easton Cyclone Softball Bat Fastpitch (-9) 29/20 SK398,1,0,0.47282994377095805,False
BREAKING: Fairfax County firefighter placed on admin leave amid probe into Facebook post about putting police in 'body bags' dept. says.,0,1,0.5933638690075582,False
Sorry for screaming at you and from the car I just kinda 'I KNOW THOSE PEOPLE LET'S YELL!' :/,0,0,0.1503006505270022,True
Absurdly Ridiculous Mens #Fashion To Demolish You #Manhood.,0,0,0.2228730090761704,True
Enjoyed live-action Attack on Titan but every time I see posters I'm reminded how freshly clean and coiffed everyone is in the apocalypse.,0,0,0.4621131452546931,True
just had a panic attack bc I don't have enough money for all the drugs and alcohol I wanted to buy this year let alone my fall bills,0,0,0.12541353445665962,True
#ModiMinistry Rly tragedy in MP: Some live to recount horror,1,1,0.7007735648332869,True
hide your kids hide your wife. He's on the loose. I thought I flattened you with a ball ????,0,0,0.22413844863026325,True
Flattened,0,0,0.27902129393818814,True
The famine is coming to an end #Bluebell,1,1,0.5130107414575013,True
Photo: weallheartonedirection: I wouldnt let David electrocute himself so Im the asshole,0,0,0.1456725009914022,True
Man killed in crash in Barrington Hills: A Hoffman Estates man was killed in a single-car crash Wednesday afte...,1,1,0.8722728050027965,True
Suicide bombing is just the fear of dying alone,1,1,0.6207929554866479,True
Currently Blasting #Benediction - #SanelessTheory -on Metal Devastation Radio-,0,1,0.6267539966681206,False
A [small] flood with bigconsequences,1,1,0.6339585264777555,True
WWE 2K15: Universe Mode - Part 149 - OBLITERATE!!: via,0,0,0.18308926532529288,True
You happen to conveniently 'forget' about how you Zionists revere and 'honour' mass murderer Baruch Goldstein.,1,1,0.676312009859694,True
There's a Storm over Cairo in the latest 'X-Men Apocalypse' set photo via,1,1,0.6322844458739494,True
Has An Ancient Nuclear Reactor Been Discovered In Africa? Your...,0,1,0.5312161016120698,False
--just between Gray and Ophelia red flames blazing around her person setting nearly everything in the area--,1,0,0.3042280128198656,False
Update: still haven't eaten since 6:30 am still have to clean the dry lot and fill water in quarantine. May pass out,0,0,0.4764444635915686,True
1970 Mercury Cyclone GT Quarter Panel D/S Rear Trim Moulding Cobra Jet 429CJ,1,0,0.3601302353412191,False
Sassy city girl country hunk stranded in Smoky Mountain snowstorm #AoMS #ibooklove #bookboost,1,1,0.7640643194678969,True
you can stop panicking ??????,0,0,0.2538520689566267,True
G+: + Body Bagging them lyrically!,0,0,0.221110212488227,True
driving the avalanche after having my car for a week is like driving a tank,1,0,0.2588948375080202,False
Yea bombing #pearlharbor not so good of an idea!,1,1,0.5618542251220039,True
your Tweet was quoted by,0,0,0.33836352703745476,True
Worlds Collide When an American Family Takes Over Britain's Isle of Man in New TLC Show Suddenly Royal via,0,0,0.41454595851011783,True
Why is there an ambulance right outside my work,0,0,0.3900573225208102,True
To All The Meat-Loving Feminists Of The World Riot Grill Has Arrived: Pop quiz! Which do you prefer: fem... #art,0,0,0.20271987709022044,True
no he was blazing it,0,0,0.18959284354949735,True
there were plenty of black people rioting when tOSU won the championship as well.,0,1,0.5589932879742324,False
Hostages are meaningless might as well just play cod search and destroy.,0,0,0.35333746503319924,True
But the design decision to 'Let's make something fresh and beautiful and wonderful and then WRECK IT' is kindof odd in restrospect,0,0,0.18639715450700092,True
ate mataas kc rating..but they did not think on doing like this they destroy the story along with the ratings,0,0,0.2505018048657478,True
MY FAVS I'M SCREAMING SO FUCKING LOUD,0,0,0.13996761814334224,True
thirst has no curfew,0,0,0.19383831675685842,True
DTN Brazil: Experts in France begin examining airplane debris found on Reunion Island: French air accident exp...,1,1,0.797266839605388,True
CDC has a pretty cool list of all bioterrorism agents :3,1,0,0.3472310623731538,False
Governor allows parole for California school bus hijacker who kidnapped 26 children in 1976.,1,1,0.7182499406611399,True
Skinny Jeans are Hazardous for Your Health! #socialnews,1,1,0.5890763960787028,True
nflexpertpicks: Michael Floyd's hand injury shouldn't devalue his fantasy stock: Michael Floyd's damaged digits won... _,0,0,0.2843133281058219,True
Aurora theater shooting trial: Gunman expected notoriety for mass murder and nothing else,1,1,0.8962255290095423,True
WWE 2k15 MyCareer EP18 Tyrone body bagging dudes: via,0,0,0.29361877649559426,True
Two cranes restoring a bridge in the central Dutch town of Alphen aan den Rijn collapse on to buildings with rescuers searching for,1,1,0.9018002677377212,True
yea heard about that..not coming out until 2017 and 2019 ?????? Vampiro is bleeding,0,0,0.40434135327150544,True
My 2 fav worlds have collided! Thanks to I found the podcast!! #ihave44episodesofGG #nojoke,0,0,0.4106930303547777,True
'cause right now I can read too good don't send me no letters no. not unless you're gonna mail them from desolation row ~,0,0,0.24059142043996948,True
Map: Typhoon Soudelor's predicted path as it approaches Taiwan; expected to make landfall over southern China by...,1,1,0.749500164916871,True
GodsLove & #thankU my sister Helene for RT of NEW VIDEO The Coming Apocalyptic US Earthquake & Tsunami,1,0,0.4884966469051172,False
brooke just face timed me at the concert and just screamed for 2 minutes straight,0,0,0.19626071155485278,True
Top Stories - Google 4 dead dozens injured in Gaza blast near house leveled in summer war_,1,1,0.7419840463072717,True
Just burned the shit outta myself on my dirt bike ??,0,0,0.2593601006502445,True
this storm????,0,1,0.9032445306962142,False
New post: 'People are finally panicking about cable TV',0,0,0.20776016629828342,True
Brace yourself by Sunday evening you will inundated with thousands of calls from depressed fans,0,0,0.4808150800028746,True
The whole food stamp gov. assistance program needs to be retooled for wounded veterans retirees and handicapped only. #NoMoreHandouts,0,0,0.4888912150735968,True
crushed a 6 mile run tonight. awesome,0,0,0.2674594443056055,True
Today is the day Hiroshima got Atomic bomb 70 years ago. - The 'sanitised narrative' of Hiroshima's atomic bombing,1,1,0.9253602790363141,True
A brief violent storm swept through the Chicago area Sunday afternoon leading to one death and an evacuation of Lollapalooza and more,1,1,0.8468983167240354,True
Another fake hate crime Lesbians burn their own house down. What else Is new :,1,0,0.33085691906092524,False
This guy idk just made me his woman crush ?? first one ever ??,0,0,0.18610772254082522,True
Picking up a man in a bar is like a snowstorm you never know when he's coming how many inches you'll get or how long'll he'll stay.,0,0,0.2503726748554652,True
After the green line derailment my concern for track that looks like this goes up a bit...,1,1,0.616538370720543,True
Iger's 3 words that wrecked Disney's stock,0,0,0.14623900130716147,True
Good to hear it's back.. that storm's been given you guys trouble though :( ^SJ,1,0,0.37286142471100747,False
I'm a disaster??,0,1,0.803284091788095,False
Trusting Iran to stop terrorism is like inviting an arsonist to join the fire brigade - Telegraph,0,0,0.4532430434225302,True
Petition | Heartless owner that whipped horse until it collapsed is told he can KEEP his animal! Act Now!,0,1,0.5153095815546157,False
#helpme what do I do? My friend has been ticketed by Police in Wayne County Michigan into never- sending poverty cycle. How do I help him?,0,1,0.7412990095682147,False
Many thx for share and your comment Alex Lightman - What evidence did it take or will it take for you or your...,0,0,0.4600422706756867,True
let's try to do our best to prevent another outbreak of violence by talking to each other both the people and the politics,1,0,0.22614567964655163,False
Diego Costa needs to stop getting injuries urg,0,0,0.4279416054800342,True
Bend Post Office roofers cut gas line prompt evacuation -,1,1,0.7365202063903604,True
Bad News for US: China Russia Bolstering Military Cooperation in Asia / Sputnik International via,0,1,0.6325145755562345,False
News Update Huge cliff landslide on road in China - Watch the moment a cliff collapses as huge chunks of rock fall...,1,1,0.6429748737500175,True
I wish I could get Victoria's Secret on front. I'm good for it.,0,0,0.28596869298340505,True
'American Weapons and Support Are Fueling a Bloody Air War in Yemen',1,1,0.6042410142165094,True
only weapon im scared off is karma,0,0,0.3581170581199287,True
Big Love,0,0,0.13634716113252213,True
I say concern but not panic. Too many games left. And some games left against each other.,0,0,0.2582742472714872,True
Price Rd North bound closed from University to Rio Salado.. Lots of police.. What's crackin?,1,1,0.7888008373579137,True
The Body Bags has a show on 08/07/2015 at 07:30 PM @ Tremont Music Hall in Charlotte NC #concert,0,1,0.5020306571668531,False
Come and join us Tomorrow! August 7 2015 at Transcend:Blazing the Trail to the Diversified World of Marketing...,0,0,0.27081280614171904,True
disinfo: Warfighting Robots Could Reduce Civilian Casualties So Calling for a Ban Now Is ... -... #criticalmedia,1,1,0.7387243096183136,True
Pizza and beer in a tornado in Austin. Windy af right now,1,0,0.46096114134382143,False
Flood: Two people dead 60 houses destroyed in Kaduna: Two people have been reportedly killed an... #SemasirTalks,1,1,0.7131851260781262,True
RT Homeless vulnerable during North Texas heat wave,1,1,0.7578935790153126,True
did Lloyds of London insure your bet with #sinking #twins,0,0,0.22633266191871668,True
got electrocuted last night at work for the first time in my life.... shit was weird ????,0,0,0.22941641116104924,True
Ironically Michele Bachmann brought this up in '11 w/Ron Paul & everyone blew her off and called hoax. She was finally right,0,0,0.2619549380009013,True
in response to trauma Children of Addicts develop a defensive self - one that decreases vulnerability. (3,0,1,0.5338995076652032,False
Anyone need a P/U tonight? I play Hybrid Slayer ps4 EU. HMU,0,0,0.23097311454253602,True
Calgary area tornado warnings end as thunderstorms move eastward,1,1,0.8589293426352064,True
Listen to Landslide by Oh Wonder #SoundCloud,0,0,0.41132008170181056,True
Emotionally I am destroyed,0,0,0.39342394728098307,True
thanks I narrowly averted death that was fun you're right,1,0,0.23783317477033092,False
If I fall is men GOD is d bomb well av always known dat since 2008 bigger u I pray sir,1,0,0.34833357570769047,False
her upper arm those /friggin/ icicle projectiles and leg from various other wounds the girl looks like a miniature more,1,0,0.32408183410146396,False
I need a thunderstorm please!,0,0,0.4345465490369084,True
#Tweet4Taiji is a dolphin worship group based on superstitions! Just take a look at their tweets!,1,0,0.2686541511332688,False
Build your own kingdom and lead your army to victory! Start g this friend code: LZKTJNOX,0,0,0.3133120484511235,True
my dad said I look thinner than usual but really im over here like,1,0,0.2949914637755176,False
House Energy & Commerce subcommittee to hold 7/28 hearing of CDC oversight of bioterror labs Army anthrax mishaps. htt_,1,1,0.5488068846487728,True
. announces refunds after Day two's extreme weather evacuation:,1,1,0.6406010462433104,True
A world in which people aren't dying from natural and supernatural disaster and war most likely.,0,1,0.5287350390604403,False
Homemade frozen yogurt pops? Have you had luck making them?,0,0,0.3468258485585309,True
Kurd Suicide Attack Kills 2 Turkish Soldiers,1,1,0.8653637537498905,True
Violent Forces Radio: Now Playing Acid Storm - Scourgue Of The Gods TuneIn Player @,1,1,0.5322024440381011,True
RT Gunshot wound #9 is in the bicep. only 1 of the 10 wounds that is not in the chest/torso area. #KerrickTrial #JonathanFerrell,0,1,0.557334700445893,False
a capitalist would win biggest landslide in history people who haven't voted in years even OLD SCHOOL DEMS would elect him.,0,0,0.4966904695830493,True
we got purple activist I thought it was a drought,1,0,0.4973656473339993,False
DHS Refuses to Call Chattanooga Islamic Terrorism out of respect for MUSLIMS ... via,1,1,0.6120652007036046,True
Biolab safety concerns grow: FedEx stops transporting certain specimens. Research facilities 'dumbfounded' by action.,0,1,0.6735591145565665,False
it rained. Some guys tree hit by lightning and some jackholes drove onto flooded streets.,1,0,0.36900004790227586,False
Oh shit its rly sheeting Aaaaaand there's the thunder and lightning I missed summer storms,1,1,0.5135907590704187,True
I love fruits,0,0,0.09671281039403569,True
Two giant cranes holding a bridge collapse into nearby homes via,1,1,0.8230889916798197,True
Casualty Team: Ice Cream Recall Sends Chill Through Food Industry,0,0,0.41972811214382605,True
Salvation Army hosts rally to reconnect fathers with children: The Salvation Army is hosting a back to school rally_,1,0,0.47902526812872764,False
You are the avalanche. One world away. My make believing. While I'm wide awake.,0,0,0.3396096170640056,True
Motorcyclist bicyclist injured in Denver collision on Broadway: by,1,1,0.7442208349096049,True
#PBBan (Temporary:300) hyider_ghost2 | DO NOT KILL | FLAGS ONLY | Fast XP' for Reason,1,0,0.27988523246987285,False
you stay in Houston?,0,0,0.489388521176423,True
ah I remember those days. In a snowstorm too.,1,0,0.4816048127425176,False
Going to starbs it's only 70 degrees part of the metro derailed it's a beautiful morning in Washington D.C.,1,1,0.6261696714760981,True
calling it now: KIA gets banned or quarantined before month's end,0,0,0.45761571590225975,True
Drop it down on a nigga do damage ! ??,0,1,0.5163315033517598,False
Bombing #Iran would result in a never-ending game of #nuclear whack-a-mole. Here's why:,1,1,0.7644445434743804,True
'Were blown away by this extension. Nothing weve seen has as many options as this one.',0,0,0.31122245951447924,True
Ashes 4th Test: 10 Hilarious Twitter Reactions to Australia's collapse by,0,0,0.49063625683682344,True
Fukushima Nuclear Disaster | Increased Thyroid Cancer in U.S.,1,1,0.8055582200231539,True
Our garbage truck really caught on fire lmfao.,0,1,0.5286782741449881,False
AM `bbcnews The Ass British Insurers says rioting will cost insurers163;millions. But police numbers are reduced by blind fat controllers.,1,1,0.6674024120951476,True
Well unfortunately for my followers stage pics came in today. Advanced apologies for the inundation_,0,0,0.41088562199488504,True
Bitches be takin pics with bags bigger than they whole body ??????,0,0,0.22418951435032877,True
why you so salty and scared when we have a drought like you said?,0,1,0.5793286329289704,False
08/3/15: CAT FATALITY: UTICA NY; PLEASANT & HOLLAND AVE:Black cat with white paws. Average size. On grass next to north side of road.,0,0,0.42886759313690537,True
if my Monty Python is up to date as bloody far as he wants to go.,0,0,0.23018320167712314,True
Think I'm traumatised for life,0,0,0.13701770590453535,True
Is Stuart Broad the Prime Minister yet. Best thing in Sport I have seen for years that. The Aussies look devastated. Bless ??????,0,0,0.37136028276833954,True
China's Stock Market Crash: Are There Gems In The Rubble? #forbesasia,1,0,0.36541409851029777,False
Demolished My Personal Best,0,0,0.17603810587894198,True
Zimbabwe is a country with a collapsed government ruled by a dictator while many live below the poverty line.,0,1,0.6800947208590853,False
well done me! everyone applaud me and how terrific i am and how i never ruin anything,0,0,0.14530710365344485,True
saving babies from burning buildings soaking cake in a shit tonne of alcohol mat is a man after my own heart ?? #GBBO,0,1,0.5433849741293452,False
???????? I don't have them they out here,1,0,0.34050103792318165,False
okay the cat has been quarantined in my bathroom...its meowing really loud but I turned up the TV louder...things just might work out okay,0,0,0.22029964819044562,True
'My Fifty Online Dates and why I'm still single' by Michael Windstorm $2.99 B&N #nook #books #TheBachelorette,0,0,0.3468969366401345,True
wld b a shame if that golf cart became engulfed in flames. #boycottBears,0,1,0.5004222458689843,False
Gold Coast tram hit by fallen powerlines: UP to 30 people have been evacuated from a tram on the Gold Coast af...,1,1,0.6823415893788564,True
except idk them?? it's really burning ??????,0,0,0.35211776131886147,True
We found a sunflower explosion on our walk.,1,1,0.7322219050479478,True
On the eve of Jon Stewart leaving The Daily Show WMATA has honored him by letting another train get derailed and crippling the service.,1,1,0.7190797253531609,True
Petition/No Medals for 1890 Massacre Justice for Wounded Knee Killings of Native Americans!,1,1,0.5264785562485179,True
I got electrocuted this morning how is your day going? ??,0,0,0.26467454703880255,True
Too slow report the sinking boat in the Mediterranean sea what a shame,1,1,0.6315541202116461,True
A new type of ADHD? Head injuries in children linked to long-term attention problems,0,0,0.23470648686541862,True
In light of recent events all I would like to say is *screams for five years*,0,0,0.3202604694023653,True
seeing as how this person is a mass murderer and has like FBI CIA grade equipment to do evil shit.,0,0,0.4407770696236704,True
Have a good un fella sorry I won't be there to get annihilated with you :(,0,0,0.2217892808118582,True
' Jupiter's Great Red Spot is a violent storm larger than the entire Earth.,0,1,0.5042200732749066,False
IbrahimMisau : FAAN orders evacuation of abandoned aircraft at MMA (via Twitter,1,1,0.6315589911655499,True
no.. i mean when is mino said that he doesn't smoke? u mention it before.. :)),0,0,0.4311812847284282,True
Refugee Connections Indiegogo campaign will be going live tomorrow! Support us and help launch the only online community for #refugees.,1,0,0.3508859527100171,False
Updated to Windows 10 now I get this error,0,1,0.5264434554910465,False
Are Users of this Sub to be Quarantined?,0,0,0.44346127452125406,True
#Sismo DETECTADO #Jap_n [Report 1] 01:01:56 Okinawa Island region M4.0 Depth 10km Maximum seismic intensity 3 JST #??,1,1,0.7876428183758367,True
Reddit's new content policy goes into effect many horrible subreddits banned or quarantined,0,0,0.26509849155553666,True
Hello 911 yeah we have someone drowning here send a medic,1,0,0.41263391301403746,False
Be ember aware!,1,1,0.565134092691913,True
not to mention a major contributor to the annihilation of Israel,1,1,0.6770854289549183,True
#ActionMoviesTaughtUs things actually can explode with a loud bang...in space.,0,0,0.21618691627361783,True
Suicide bomber kills 15 in Saudi security site mosque via,1,1,0.8658362940838833,True
Get 150 free bets when you register at Boylesports Casino #Luck #Destroy,0,0,0.4028820898921245,True
A big issue left undone is HOW to get home if adverse weather hits. has no real emergency plan in place,1,0,0.49372371028605255,False
Postal Service agrees to sell not demolish downtown building,0,1,0.5366858633738478,False
Refugio oil spill may have been costlier bigger than projected: A Plains All American Pipeline oil spill off ...,1,1,0.8565319051299484,True
US govt refuses to evacuate 1000s of Americans from Yemen #yemen #usa #evacuation #abandoned,1,1,0.6721709283022141,True
better than tornado!,0,0,0.40575606604777653,True
I just nearly crashed my car typing 'Paul Rudd attacked by flying ants' into notes on my phone.,0,0,0.4035462943601588,True
#bigbrother #ch4 The X-37b's big brother revealed: Boeing bags $6.6m contract to design ... - Daily Mail,0,0,0.27127949982417676,True
Sinjar Massacre Yazidis Blast Lack of Action OverHostages,1,1,0.7312125620418839,True
The Hobbit: The Desolation of Smaug - Ed Sheeran 'I See Fire' [HD],0,0,0.2511827329536726,True
The latest from reveals #Storm is a queen in #Apocalypse,1,1,0.6279771794229456,True
Trafford Centre film fans angry after Odeon cinema evacuated following false fire alarm: Twitter users tell of_,1,1,0.7006221860382188,True
But even if the stars and moon collide I never want you back into my life??????.,0,0,0.17140848847116857,True
DK Eyewitness Travel Guide : Chicago by Dorling Kindersley Publishing Staff_: travel books eBay auctions you s...,0,0,0.3229891800537377,True
I added a video to a playlist Doc: Volcanoes and Earthquakes - Inside the Volcano,1,0,0.4252860206737088,False
The Eden Hazard of Hockey,0,0,0.2582557287400979,True
Lying Clinton sinking! Donald Trump singing: Let's Make America Great Again!,0,0,0.1889868289090756,True
'Become another casualty of society',0,1,0.5116832921769893,False
Her curfew will start right after her private class ends. Tutor must a woman preferably someone over 50.,0,0,0.21983597908122707,True
Why is no one talking about the risk of a suicide bomber hiding amongst the migrants stowing aboard the Eurotunnel trains?,1,1,0.8779005482707559,True
AND MY FAM HAD TO EVACUATE BC WE NEED POWER,1,0,0.4666004965385398,False
Nearly had a heart attack just now; loud bang against window next to me_turns out it was two birds flying into the glass.,1,0,0.3392667035450076,False
9 Charts Prove Financial Crisis Part 2 Has BEGUN!: The Financial Armageddon Economic Collapse Blog tracks tren...,0,1,0.5445421802874109,False
#Afghanistan: sharp rise in women and children casualties in first half of #2015,1,1,0.716155679045025,True
So ... where are the rioters looters and burning buildings???? WHITE LIVES MATTER!!!!!!,1,1,0.7193460747753648,True
Doing dialyses to my grandpa and oh lord this blood makes me light headed,0,0,0.29693803534037383,True
Salem 2 nuclear reactor shut down over electrical circuit failure on pump,1,1,0.6237501571471555,True
Severe weather and a rare hailstorm pummel Boston -,1,1,0.8091361297575281,True
Press PLAY on new single with M.O.P. to 'Detonate.',0,0,0.1884161345358056,True
then have the biggest nuclear disaster to ever have happened,1,1,0.7171787692322609,True
The people who tweet and care about #Japan #Fukushima nuclear disaster are not the problem those who ignore are the problem.,1,1,0.8140708619781528,True
A GPM satellite 'bullseye' in Typhoon Soudelor,1,1,0.7842349241892482,True
Tube strike = absolute pandemonium,0,0,0.4217185505640021,True
Evening Sun article on NNO:,0,0,0.39154535024049336,True
That rainstorm didn't last nearly long enough,1,0,0.3734086179265284,False
when it rains in NJ it flash floods. Otherwise its just a desert of grief and taxes.,1,1,0.6624975943229863,True
Plane debris is from missing MH370,1,1,0.8764954533125361,True
Why put out a fire when it's still burning.,0,1,0.5167857468598839,False
Slosher is GOAT. Freaking love that weapon. Can't wait to do an episode of Splatdown with it. Switching to the Splatling Gun now.,0,0,0.2364405684253706,True
I visited Hiroshima in 2006. It is an incredible place. This model shows devastation of the bomb.,1,1,0.795581177837615,True
He is justifying why this quarrel would one day end in d obliteration of what remains as the state of Pakistan.,0,1,0.5516964626383472,False
#nowplaying Sinking Fast - Now or Never on North East Unsigned Radio listen at,0,0,0.317920650179785,True
The Municipal Emergency Plan is now in effect. Stay safe everyone! #abstorm #yyc,1,1,0.6841643082545154,True
'You can only be rescued from where you actually are and not from where you pretend you are.' Giorgio Hiatt,0,1,0.596769058832175,False
Fear and panic in the air I want to be free From desolation and despair And I feel like everything I sow ?,0,0,0.11193309388171806,True
Savings and sewing in Guatemala: Savings and sewing in Guatemala. When a natural disaster hit seamstress Elvia...,1,1,0.7875473189958838,True
m believe my 'blue' not isis k Without weapon 'blue' will hug me jiahahahha Yeyeulala....,0,0,0.49904276171523676,True
why you screamed,0,0,0.22232383862400465,True
OUN continues Severe Thunderstorm Warning for Oklahoma [OK] till 10:30 PM CDT,1,1,0.8530877168306801,True
My precious olive tree lost this battle...another crazy windstorm in #yyc!,1,1,0.5480815323203012,True
master0fsloths has a crush:,0,0,0.23768882514789508,True
Tube strike live: Latest travel updates as London is engulfed in chaos: _ cross-London travel will be accepte...,1,0,0.4955406616269387,False
Road closures remain in effect due to hazard trees falling tree torching and uphill runs of the fire. Forest Service Road #1 remains close,1,1,0.6615791338161892,True
Once upon a time the fact that I decided to go to university 7 hours away actually sunk in,0,0,0.3413603854390255,True
luke + microphone = exploded ovaries,0,0,0.3922153982905303,True
I'm feeling so attacked,0,0,0.24762412100873388,True
Even though BSG had been sufficiently hyped up for me in all the years I somehow delayed watching it I was utterly utterly blown away.,1,0,0.4556687086601876,False
One day this heart gone get me zipped up in a body bag.,0,0,0.17884834255313883,True
**Let - Me - Be - Your - Hot - Blazing - Fantasy** #escorts #gfe #DUBAI,0,0,0.1034304182136234,True
Crash helmet silvery floors karnal fat shoot sampling 33: PBCaNPCx,0,1,0.5982084674229291,False
so wanted to see that info on blight u got,1,0,0.1855000847972338,False
Potential Storm Surge Flooding Map by National Hurricane Center,1,1,0.8494837342677455,True
Emotional Desolation the effect of alcoholism/addiction on family - Forgiving is hard,0,0,0.4123232231811614,True
standard damage control,1,1,0.5036194652432072,True
Obama declares disaster for typhoon-devastated Saipan #Worldnews,1,1,0.8356777663935565,True
You are going to make the internet explode with this Dr. Simon. O_o ... Was he alone or was there a red-head nearby? LOL,0,0,0.14232916290151038,True
Crews working to restore power in southwest Omaha after vehicle collided with utility pole. -,1,1,0.5811007821209001,True
So derailed_benchmark is cool for paths. i wonder if i can run it to find leaks in Jobs given to resque too?,0,0,0.3090838732539553,True
Mopheme and Bigstar Johnson are a problem in this game body bagging niggas #VuzuHustle,0,0,0.2876170365125625,True
Never dies a big Crime like RABAA MASSACRE as long the revolution is being observed. #rememberRABAA,1,1,0.5003922255214266,True
One man fatally shot another wounded on Vermont Street #Buffalo -,1,1,0.7384596204306627,True
?that horrible sinking feeling when youve been at home on your phone for a while and you realise its been on 3G this whole time,0,1,0.5167352909583657,False
perhaps you should change you name to yahoo doesn't care. Are you so inundated with complaints that you cannot respond to me??,0,0,0.42338413904021066,True
I remember when I worked at Mcdonalds I use to be hours late because we used military time and I use to mess up when I had to be there :/,0,0,0.4791728820048316,True
Did you get wrecked again?,1,0,0.14739026974586733,False
World Annihilation vs Self Transformation Aliens Attack to Exterminate Humans,0,0,0.45067678409626283,True
Love what you picked! We're playing WORTH IT by FIFTH HARM/KID INK because of you! Listen & Vote:,1,0,0.21036095738461064,False
STL Ace Grille - Surface Mounts SpeedTech Lights - Amber Emergency Lights - 544,0,1,0.5594549350273318,False
Tell him Rebahe's going to destroy himself #Ashes2Ashes,0,0,0.31688234940782295,True
#fun #instagramers Jeb Bush said earlier this week that not only does he want to obliterate Planned Parenthood bu_,0,0,0.22167199292467935,True
Accident left lane blocked in #Manchester on Rt 293 NB before Eddy Rd stop and go traffic back to NH-3A delay of 4 mins #traffic,1,1,0.7452832633035318,True
. recently met with the to discuss race relations in America & the benefits of rioting. #LoveIsLove,0,1,0.7041295202235816,False
More than 300 campers evacuated as California wildfire blazes on officials say,1,1,0.9311804072667315,True
Another White mass murderer. #Antioch,1,1,0.6274973980718931,True
Flames visible from fire in Tucson mountains: A lightning-caused fire burning in steep rocky terrain in mountains_,1,1,0.696790182846397,True
If you have trouble getting motivated remember that time is going to pass and that regret is going to make its way around - Matthew Donnelly,0,0,0.2029580126157682,True
Acquire your postexistence straight a elevation in addition to upheaval ideas yet perquisite: bRZjc,0,0,0.21570149945971756,True
Price of vegetables rises on Typhoon Soudelor concerns,1,1,0.7849932341148728,True
150-Foot Sinkhole Opens in Lowndes County Residential Area WCTV-35 minutes ago,1,1,0.7897301658109666,True
Want to work at Swedish Health Services? We're #hiring in #Seattle WA! Click for details: #Nursing #Job #Jobs,0,0,0.3213528591031764,True
now my nose is bleeding. the last one was like 10 years ago,0,0,0.37336890634518605,True
Hey girl you must be Toe Hobbit: Part Two: ghe Desolation of Smaug because I'm not interested in seeing you. Sorry.,0,0,0.15889745054857135,True
World Class Tgirl Ass 02 - Scene 4 - Pandemonium,0,0,0.4174637738925686,True
we like big hail and we cannot lie!! #SirMixAlot,0,0,0.3114174416663586,True
Woman sneaks into airplane cockpit; terrorism not suspected,1,1,0.7594566145068546,True
[Question] Is anybody else having this problem with the '7' circle in Epicentre? via /r/jailbreak,0,0,0.3903705234799052,True
Udhampur terror attack: Militants attack police post 2 SPOs injured,1,1,0.862303084877419,True
A brave little dog gets rescued from the river. His recovery will inspi... via,0,0,0.45735998298092884,True
How do you derail a train at... Smithsonian?,1,1,0.6507273661364075,True
weather warfare Follow the Money This Government Is What Our Founding Fathers Were Warning Us About The Weather...,1,1,0.6813383181702463,True
Reasons brain twister oneself should discount redesigning yours website: ItrAWcWB,0,0,0.2454171026508492,True
Online Homeland security: An Appraisal of #Pakistans #Anti-Terrorism #Act,0,1,0.5581625502504417,False
*screams*,0,0,0.19041290143009285,True
' #Myanmar 's Displaced #Rohingya at #Sittwe point of no return,1,1,0.7726247770008093,True
It got pretty windy here too... But no damage.,0,0,0.3659566910524866,True
Global Nuclear Reactor Construction Market grew 4.5% between 2013 and 2014,1,1,0.5399054290170917,True
Calgary news weather and traffic for August 5 * ~ 45,0,1,0.8650307843649574,False
One of these candidates is going to have a Frank Grimes level meltdown with how voters love Trump no matter what.,0,0,0.16123884345108022,True
I can't wait to be beyond obliterated this weekend,0,0,0.18567430369753393,True
Bedroom clean bathroom clean laundry done .. Shit was looking like a war zone in here ??,0,0,0.388871859255534,True
#AskConnor if you were a natural disaster what would you be?,0,1,0.8056292054767736,False
I liked a video Darude - Sandstorm,0,0,0.32436694898230883,True
Now Playing: Landslide by Smashing Pumpkins #89X,0,0,0.4560418815284818,True
Police Monitoring 200 Jihadis in Poland via,1,1,0.8679275522535226,True
'Nuclear reactor is like a woman. You just have to read the manual and press the right button.',0,0,0.2712156077023807,True
The forest service now spends >50% of its budget fighting fires,1,1,0.8691715420043872,True
Now realized I honestly can't survive without these glasses now lol,0,0,0.3462469191742887,True
I am an eyewitness HA,0,0,0.40095802040306433,True
I understand you wanting to hang out with your guy friends I'll give you your space but don't ruin my trust with you.,0,0,0.14399283556202155,True
Who had a car crashsterling!Who was driving in the carMel or JoeySterling Knight???????,0,1,0.502462934028878,False
tomorrow's going to be a year since I went to the Panic! concert dressed as afycso ryan do u guys remember that,1,0,0.1736700544715453,False
The first trial in the death of #CecilTheLion was just postponed,0,0,0.2651508269221571,True
That looks so desolate and just...depressing,1,0,0.217095745021349,False
'Tube strike live: Latest travel updates as London engulfed in chaos' <- genuine baffling Telegraph headline,1,1,0.5524151472652857,True
#IWasDisappointedBy TellTale's The Walking Dead. Good characters &story but no real gameplay and too many performance issues.,0,0,0.3316578009083969,True
The chick I work with chews chewing gum so loud ?? feel to bang her,0,0,0.2286871154546832,True
Granted like half my town floods when it rains but still whatever,1,1,0.5434838102358108,True
Ancient Mayan Tablet Found in Jungle Temple,1,0,0.3127526344054932,False
oh I'm not bagging her at all! Her body be bangin'. I'm saying she's going to get the rose.,0,0,0.19182238590266545,True
Zone of the Enders MGS2 God of War. RT Quote this with your favorite PS2 game,0,0,0.3024214431979054,True
? Cracker - White Riot ? #nowplaying,0,0,0.21482923477941943,True
Indian Govt. & Media should take serious concern about their safety. They are in danger now.,1,1,0.5505678071650074,True
[Latest Post] Bayelsa poll: Tension in Bayelsa as Patience Jonathan plans to hijack APC PDP,0,1,0.7416100835598542,False
Drake is really body bagging meek,0,0,0.25158359166156063,True
2pcs 18W CREE Led Work Light Offroad Lamp Car Truck Boat Mining 4WD FLOOD BEAM - Full rea_,0,1,0.5964819232579903,False
I can probably skip on these basic life maintenance things for a few days. (cut to burning buildings people screaming in the streets),1,0,0.3433214305815172,False
Canceling Deal for 2 Warships #France Agrees to Repay #Russia via,0,1,0.6626170019051805,False
Children in Myanmar face a 'double catastrophe' as floods hit the most ...,1,1,0.6234890681807951,True
rgj: Truck trailer catches fire in Reno,1,1,0.6164653322262394,True
well now I know lol,0,0,0.15016740346391122,True
CANADA BC DROUGHT: Okanagan region issued Level 4 rating - Okanagan River (Columbia trib) fishing suspended to Sep 30,1,1,0.786705054632107,True
there are a few reasons for that but one of them is the constant Drake inundation. Extremely annoying. If Drake lands us a,0,0,0.44001416049167735,True
dogs Lightning reshapes rocks at the atomic level - A lightning strike can reshape a mineral's crystal structure ...,0,1,0.739204816994341,False
congratulations on capturing a besieged city after 3 months of indiscriminate bombing by land & air,1,1,0.7636977719886305,True
Jesus Christ that ball was fucking crushed!! #BlueJays,0,0,0.1676693741275891,True
Doone Silver Architects has won permission to demolish Birmingham's Natwest Tower and replace it with what will be citys tallest building.,0,0,0.370369904398642,True
Permits for bear hunting in danger of outnumbering actual bears: The licenses for Florida's fir... #st petersburg,0,0,0.35798873412704113,True
why would arsenal fans want that? West Ham will be in a relegation battle this season. no danger for #AFC on sun,0,0,0.4658416705647533,True
So name all the countries we've invaded/bombed aside Libya in North Africa in last 5 years.....,1,1,0.726236923248462,True
This weekend is me and Nathan's birthday weekend so if you want to drown yourself in beer do reckless things and potentially die hmu,0,0,0.20244434898189737,True
Sometimes in space celestial bodies with separate trajectories that intertwine find themselves in a dance rather than a collision course.,0,0,0.49077792771793133,True
'Drowning' - Acrylic 08.05.15,1,1,0.5891997675262796,True
im shaking in fear he's gonna hack the planet,0,0,0.3497031438500001,True
Lol Look how tough some people talk that live in some of the most gang infested cities in America Your mouth isn't a weapon You fucking wimp,1,0,0.22616079674058495,False
Maybe we should call Israel and tell them we're sorry are Pres has sold them down the river to annihilation.,0,1,0.5069485126599601,False
FATALITY!!!!!!!!!!,0,0,0.35073378074238304,True
Even if u have your weapon and your badge we gonna put them choppas on your ass????,1,0,0.23201940929585066,False
#USGS M 1.4 - 4km E of Interlaken California: Time2015-08-06 00:52:25 UTC2015-08-05 17:52:25 -07:00 at ep... #SM,0,1,0.8009365587007551,False
GUN FIREARM WEAPON VECTOR CLIP ART FOR VINYL SIGN CUTTER RIFLE GUNS WEAPONS,0,0,0.3681889053639355,True
New roof and hardy up..Windstorm inspection tomorrow,0,0,0.27420970766106384,True
trump will get absolutely demolished in a general election.,0,0,0.30395089508005113,True
Expect gusty winds heavy downpours and lightning moving northeast toward VA now.,1,1,0.7440654341506031,True
SpaceX Founder Musk: Structural Failure Took Down Falcon 9,1,0,0.4457270321714004,False
Seeing Hazard without the beard like...,0,0,0.1908972428468893,True
Jay and alexis broke up there goes all your faith and goals people... evacuate yourself,0,0,0.3597332530228993,True
it sure made an impact on me,0,0,0.21148468705437357,True
Severe Thunderstorm Warning issued August 05 at 9:31PM CDT until August 05 at 10:15PM CDT by NWS,1,1,0.8284897605381353,True
CLIMATE CONSEQUENCES: U.S. Forest Service Says Spending More Than Half Of Budget On Fires,1,1,0.826006411206343,True
not gonna lie.. I'm panicking a little bit. Vic/Hardy not there.. Freeman not practicing.,0,0,0.31027727365383273,True
:( Y'all have lakes in Ohio? I thought all y'all had was abject desolation and Subway restaurants.,0,0,0.35322214996862333,True
Yup. Still hasn't sunk in. ??,0,0,0.2230157905682967,True
I read about that break for hours before twitter noticed it and I though that is nothing to worry about bc twitter wasn't exploded bc of it,0,0,0.41095772368960143,True
forestservice : RT dhsscitech: #Firefighters run into burning buildingswe work on #tech t_,1,1,0.5577531088199023,True
beforeitsnews : Hundreds feared dead after Libyan migrant boat capsizes during rescue _,1,1,0.707292460654025,True
Do you want to play a game? Its a GoogleMaps mashup that calculates the effects of the detonation of nuclear bomb,0,0,0.48345587500223497,True
Sinkhole closes Falmer Drive in Bethlehem Township,1,1,0.6589783231281754,True
Rainstorm Update: Further North or Further South?,1,1,0.7921589067256225,True
I really can't believe he is skipping out before the Republican meltdown...I mean 'debate'.,0,0,0.326876285377234,True
6 Things Getting Caught in a Dust Storm & the Challenging Real Estate Market Have in Common (+ video):,0,1,0.6041849208404844,False
San Jose: Demolition of Willow Glen Trestle put off while legal battles continue,0,0,0.42974468027230317,True
It's more of a structural breakdown. Or maybe a patience failure on their part.,0,0,0.4690059904663005,True
Stepped outside with a drink and a cigarette and immediately locked eyes with a jogger. Worlds really do collide.,0,0,0.2814497179640839,True
For these Californians it's like living in Africa's Sahel desert - just finding water a daily chore.,1,0,0.4381250007349608,False
Rationing of food and water may also become necessary during an emergency such as a natural disaster or terror attack.,0,1,0.8818920386626382,False
China's Stock Market Crash: Are There Gems In The Rubble?,0,0,0.36541409851029777,True
Firefighting consumes Forest Service budget sparks political clash: Forest Service report cites increasing cost of_,1,1,0.7714457736679354,True
17 people displaced after 3-alarm fire tore through 2 apartment buildings on Second Street in Manchester. -- #MHT,1,1,0.8382409128955806,True
Hurricane Dancers: The First Caribbean Pirate Shipwreck Margarita Engle - Henry Holt and Co. (BYR).,0,1,0.7788767816186594,False
gonna drown it in mustard and lemon pepper :),0,0,0.31412637196172555,True
Islamic State group threatens to kill hostage if Muslim women arent let go -,1,1,0.5631612534314895,True
Warfighting Robots Could Reduce Civilian Casualties So Calling for a...,1,1,0.7283788671514221,True
i swea it feels like im about to explode ??,0,0,0.19908076654527193,True
[55436] 1950 LIONEL TRAINS SMOKE LOCOMOTIVES WITH MAGNE-TRACTION INSTRUCTIONS,0,1,0.5286338054011336,False
Quirk Injury Law's News is out! Stories via,0,1,0.651854152104814,False
Christian Attacked by Muslims at the Temple Mount after Waving Israeli Flag via Pamela Geller - ...,1,1,0.5745526211172086,True
OMEGA MEN Writer Explores Terrorism Religion In an 'Epic KYLE RAYNER Story' #Newsarama,0,0,0.43490236959690565,True
sweeping legs? Or putting people in body bags?,0,0,0.1406393159052908,True
Dr. Owen says four of Ferrell's ten bullet wounds were 'rapidly lethal' #KerrickTrial #TWCNewsCLT,1,0,0.4099332761322892,False
We always try to bring the heavy. #metal #RT,0,1,0.5228792420016679,False
When the Last Tree Is Cut Down the Last Fish Eaten and the Last Stream Poisoned You Will Realize That You...,0,0,0.39407084496001005,True
Ian Lee's word is like 'A fart in a windstorm'. Such a browner.,0,0,0.4071335401037204,True
When you go to a concert and someone screams in your ear... Does it look like I wanna loose my hearing anytime soon???,1,0,0.20577999584525794,False
Setting things on fire is always an option,1,0,0.27607447208150415,False
I see the programme (:,0,0,0.4372299229982417,True
5:15p For those who watch over me forest fire smoke has lifted 'nuff f/me t/make a run t/the pet store on the hwy (N). I'll b/home by 7p.,1,1,0.6013118328670146,True
And all you girls that smoke.... have you notice that you started to lose ALOT OF WEIGHT ??? HMMM Don't know body want no thin girl tf,0,0,0.17144361883572728,True
Casualty Roleplay somebody please am so bored,0,0,0.40822428273030614,True
[HIGH PRIORITY] SEVERE THUNDERSTORM WATCH ENDED Issued for Lethbridge [Updated: Aug 05th 20:29 MDT],1,1,0.754078411607149,True
*Screams*don't scare me and its Animatronics,0,0,0.18928506315039356,True
Check these out: #nsfw,0,0,0.3314569395039774,True
USATODAY: On today's #frontpage: #Bioterror lab faced secret sanctions. #RickPerry doesn't make the cut for FoxNew_,1,0,0.45177357377612026,False
#TeamFollowBack Madhya Pradesh Train Derailment: Village Youth Saved Many Lives #FollowBack,1,1,0.8554355335444607,True
I see her flooding at mad decent,0,1,0.5663910626495554,False
OMFG?? Didnt expect Drag Me Down to be the first song Pandora played OMFG I SCREAMED SO LOUD My coworker is scared,1,0,0.24449689467039368,False
on the flip side I'm at Walmart and there is a bomb and everyone had to evacuate so stay tuned if I blow up or not,1,1,0.6419576035350785,True
[[Is it Darude Sandstorm?]],0,1,0.5359146394194498,False
Four Technologies That Could Let Humans Survive Environmental Disaster -,0,0,0.3948786918011018,True
Heres how media in Pakistan covered the capture of terrorist Mohammed Naved,1,1,0.7443678757187618,True
recap/ 12000 Nigerian refugees repatriated from Cameroon,1,1,0.8162971261571755,True
Did I drink too much? Am I losing touch? Did I build a ship to wreck?,0,0,0.24890608877127265,True
Hollywood Movie About Trapped Miners Released in Chile,0,0,0.23175548959037215,True
I'm awful at painting.. why did I agree to do an A3 landscape in bloody oils of all paints ??,0,0,0.2920801752965826,True
The Sea Will Electrocute Us All ??,0,0,0.29035120710258105,True
Thunder lightening torrential rain and a power cut!,1,1,0.5677922218682021,True
Devia ler 'AS WE COLLIDE #wattys2015' no #Wattpad #teenfiction,0,0,0.23614200504131624,True
DTN Brazil: Refugio oil spill may have been costlier bigger than projected: A Plains All American Pipeline oi...,1,1,0.8404775535916725,True
Total tweet fail! You are so beautiful inside and out Blaze On!,0,0,0.26657992556925386,True
Photo: Failure in structural integrity affects us all. Whether it is a barn raised upon a faulty concrete...,0,0,0.42256451594728595,True
#LOL Plymouth (Lets Obliterate Litter),0,0,0.10020005428538362,True
My hand is burning,1,1,0.5955040694442185,True
You can't watch 'Home Alone 2' without telling your kids 'she used to be on Casualty'. #Homealone2 #film4,0,1,0.6372658021293156,False
US wont upgrade its infrastructure? it a bad situation and its going to get ugly very quickly #USA #sustainability,1,0,0.41342941376999787,False
He's being put on a stretcher ?? don't want to see that.,0,0,0.20021965242992074,True
IF ANYONE WERE TO HARM THE BOYS THEY WOULD GET TAKEN DOWN IMMEDIATELY NOT BY SECURITY BUT BY THE FANS REAL QUICK,0,0,0.28434946241907494,True
RSPCA site multiple 7 story high rise buildings next to low density character residential in an area that floods,0,1,0.7285395045466224,False
On the freeway to Africa til I wrecked my Audi,0,0,0.26857801495457895,True
Alleged East Bay serial arsonist arrested #SanFrancisco -,1,1,0.7582745008931644,True
'Crash Test' Trailer: Paul Scheer & Rob Huebel's Comedy Special Recorded on a ...,0,0,0.4760305980065312,True
